Timestamp,Device,Location,Incident_Type,Severity,CPU_Usage,Memory_Usage,Packet_Loss_Percentage,Resource_Stress,Network_Stress
2026-05-18 01:16:03.235966,R1-Core,Mumbai,Interface Down,Major,67,62,3.7,129,37.0
2026-05-18 01:21:03.235966,FW1-Perimeter,Mumbai,High CPU Usage,Warning,22,30,0.28,52,2.8
2026-05-18 01:26:03.235966,FW1-Perimeter,Mumbai,Memory Utilization High,Warning,54,43,0.66,97,6.6
2026-05-18 01:31:03.235966,SW1-Access,Mumbai,Packet Loss,Warning,65,77,5.11,142,51.1
2026-05-18 01:36:03.235966,R2-Branch,Delhi,High CPU Usage,Critical,95,83,8.65,178,86.5
2026-05-18 01:41:03.235966,SW1-Access,Pune,Route Flapping,Warning,83,69,5.68,152,56.8
2026-05-18 01:46:03.235966,R1-Core,Pune,BGP Neighbor Down,Major,79,66,5.89,145,58.9
2026-05-18 01:51:03.235966,R2-Branch,Pune,Route Flapping,Critical,92,83,10.66,175,106.6
2026-05-18 01:56:03.235966,SW1-Access,Delhi,BGP Neighbor Down,Major,33,51,0.8,84,8.0
2026-05-18 02:01:03.235966,FW1-Perimeter,Delhi,Packet Loss,Warning,35,35,1.39,70,13.9
2026-05-18 02:06:03.235966,FW1-Perimeter,Delhi,Latency Spike,Warning,84,79,3.28,163,32.8
2026-05-18 02:11:03.235966,R1-Core,Pune,Memory Utilization High,Warning,24,36,2.74,60,27.4
2026-05-18 02:16:03.235966,SW1-Access,Delhi,Packet Loss,Warning,72,75,5.29,147,52.9
2026-05-18 02:21:03.235966,R2-Branch,Delhi,Route Flapping,Warning,77,63,6.74,140,67.4
2026-05-18 02:26:03.235966,FW1-Perimeter,Bangalore,Latency Spike,Warning,28,46,1.48,74,14.8
2026-05-18 02:31:03.235966,R1-Core,Mumbai,Memory Utilization High,Warning,30,55,2.04,85,20.4
2026-05-18 02:36:03.235966,R1-Core,Bangalore,Memory Utilization High,Warning,49,46,0.75,95,7.5
2026-05-18 02:41:03.235966,R1-Core,Mumbai,BGP Neighbor Down,Major,77,79,4.33,156,43.3
2026-05-18 02:46:03.235966,SW1-Access,Bangalore,Packet Loss,Warning,20,53,2.63,73,26.3
2026-05-18 02:51:03.235966,FW1-Perimeter,Delhi,BGP Neighbor Down,Major,26,50,0.9,76,9.0
2026-05-18 02:56:03.235966,R2-Branch,Delhi,Memory Utilization High,Warning,30,47,2.86,77,28.6
2026-05-18 03:01:03.235966,R1-Core,Pune,Latency Spike,Warning,27,41,2.64,68,26.4
2026-05-18 03:06:03.235966,SW1-Access,Delhi,Route Flapping,Warning,56,32,0.26,88,2.6
2026-05-18 03:11:03.235966,R1-Core,Delhi,Memory Utilization High,Warning,50,47,0.5,97,5.0
2026-05-18 03:16:03.235966,FW1-Perimeter,Bangalore,BGP Neighbor Down,Critical,91,89,10.79,180,107.9
2026-05-18 03:21:03.235966,SW1-Access,Bangalore,High CPU Usage,Critical,99,83,9.74,182,97.4
2026-05-18 03:26:03.235966,FW1-Perimeter,Delhi,Interface Down,Major,20,32,2.12,52,21.2
2026-05-18 03:31:03.235966,R1-Core,Pune,High CPU Usage,Warning,35,38,2.01,73,20.1
2026-05-18 03:36:03.235966,FW1-Perimeter,Delhi,Latency Spike,Warning,78,73,5.36,151,53.6
2026-05-18 03:41:03.235966,SW2-Distribution,Bangalore,Route Flapping,Warning,26,51,1.29,77,12.9
2026-05-18 03:46:03.235966,SW2-Distribution,Bangalore,BGP Neighbor Down,Critical,86,83,8.42,169,84.2
2026-05-18 03:51:03.235966,SW1-Access,Mumbai,Route Flapping,Warning,32,47,1.35,79,13.5
2026-05-18 03:56:03.235966,R2-Branch,Pune,Latency Spike,Warning,24,44,2.42,68,24.2
2026-05-18 04:01:03.235966,FW1-Perimeter,Mumbai,Latency Spike,Warning,54,30,2.91,84,29.1
2026-05-18 04:06:03.235966,R2-Branch,Delhi,Interface Down,Major,50,36,2.59,86,25.9
2026-05-18 04:11:03.235966,R1-Core,Bangalore,BGP Neighbor Down,Warning,49,39,1.27,88,12.7
2026-05-18 04:16:03.235966,FW1-Perimeter,Bangalore,Memory Utilization High,Warning,38,36,2.91,74,29.1
2026-05-18 04:21:03.235966,FW1-Perimeter,Mumbai,Memory Utilization High,Warning,61,56,5.92,117,59.2
2026-05-18 04:26:03.235966,FW1-Perimeter,Delhi,Interface Down,Major,52,32,2.55,84,25.5
2026-05-18 04:31:03.235966,R2-Branch,Bangalore,Interface Down,Major,56,37,1.74,93,17.4
2026-05-18 04:36:03.235966,SW2-Distribution,Pune,Memory Utilization High,Critical,91,90,9.67,181,96.7
2026-05-18 04:41:03.235966,R2-Branch,Pune,Memory Utilization High,Warning,24,30,1.37,54,13.7
2026-05-18 04:46:03.235966,R1-Core,Mumbai,Packet Loss,Warning,52,38,0.4,90,4.0
2026-05-18 04:51:03.235966,R1-Core,Delhi,BGP Neighbor Down,Major,30,44,2.5,74,25.0
2026-05-18 04:56:03.235966,FW1-Perimeter,Mumbai,Interface Down,Warning,77,64,7.66,141,76.6
2026-05-18 05:01:03.235966,R2-Branch,Pune,Packet Loss,Warning,26,53,1.66,79,16.6
2026-05-18 05:06:03.235966,SW1-Access,Delhi,Packet Loss,Warning,66,76,6.17,142,61.7
2026-05-18 05:11:03.235966,FW1-Perimeter,Bangalore,Latency Spike,Warning,23,32,1.9,55,19.0
2026-05-18 05:16:03.235966,SW1-Access,Mumbai,High CPU Usage,Warning,28,50,2.94,78,29.4
2026-05-18 05:21:03.235966,SW2-Distribution,Bangalore,BGP Neighbor Down,Warning,27,32,2.84,59,28.4
2026-05-18 05:26:03.235966,FW1-Perimeter,Mumbai,High CPU Usage,Warning,78,72,3.74,150,37.4
2026-05-18 05:31:03.235966,R1-Core,Pune,High CPU Usage,Warning,22,41,0.63,63,6.3
2026-05-18 05:36:03.235966,R1-Core,Pune,High CPU Usage,Warning,73,74,6.75,147,67.5
2026-05-18 05:41:03.235966,R2-Branch,Delhi,Route Flapping,Critical,85,85,13.16,170,131.6
2026-05-18 05:46:03.235966,SW2-Distribution,Delhi,Latency Spike,Warning,26,42,2.62,68,26.2
2026-05-18 05:51:03.235966,SW2-Distribution,Delhi,Latency Spike,Warning,49,41,0.92,90,9.2
2026-05-18 05:56:03.235966,R2-Branch,Delhi,Latency Spike,Warning,32,42,0.98,74,9.8
2026-05-18 06:01:03.235966,R1-Core,Pune,Latency Spike,Warning,52,42,2.04,94,20.4
2026-05-18 06:06:03.235966,FW1-Perimeter,Pune,Packet Loss,Critical,88,88,9.25,176,92.5
2026-05-18 06:11:03.235966,FW1-Perimeter,Bangalore,Memory Utilization High,Warning,40,43,1.82,83,18.2
2026-05-18 06:16:03.235966,R1-Core,Bangalore,Memory Utilization High,Critical,91,88,8.31,179,83.1
2026-05-18 06:21:03.235966,FW1-Perimeter,Delhi,Memory Utilization High,Warning,24,51,2.76,75,27.6
2026-05-18 06:26:03.235966,SW1-Access,Mumbai,Route Flapping,Warning,69,71,4.55,140,45.5
2026-05-18 06:31:03.235966,SW1-Access,Bangalore,BGP Neighbor Down,Warning,77,59,3.96,136,39.6
2026-05-18 06:36:03.235966,R2-Branch,Pune,Route Flapping,Warning,20,39,0.86,59,8.6
2026-05-18 06:41:03.235966,FW1-Perimeter,Pune,Route Flapping,Warning,48,51,0.64,99,6.4
2026-05-18 06:46:03.235966,R2-Branch,Mumbai,Latency Spike,Warning,60,49,1.01,109,10.1
2026-05-18 06:51:03.235966,R2-Branch,Pune,High CPU Usage,Warning,32,34,0.07,66,0.7
2026-05-18 06:56:03.235966,SW2-Distribution,Mumbai,BGP Neighbor Down,Major,60,48,0.58,108,5.8
2026-05-18 07:01:03.235966,SW2-Distribution,Delhi,Interface Down,Major,20,54,2.58,74,25.8
2026-05-18 07:06:03.235966,R2-Branch,Delhi,Memory Utilization High,Warning,82,71,5.32,153,53.2
2026-05-18 07:11:03.235966,R2-Branch,Mumbai,Memory Utilization High,Warning,49,51,1.59,100,15.9
2026-05-18 07:16:03.235966,FW1-Perimeter,Pune,BGP Neighbor Down,Critical,99,93,13.81,192,138.1
2026-05-18 07:21:03.235966,SW2-Distribution,Delhi,High CPU Usage,Warning,75,69,4.3,144,43.0
2026-05-18 07:26:03.235966,SW1-Access,Bangalore,Packet Loss,Warning,68,69,3.39,137,33.9
2026-05-18 07:31:03.235966,R2-Branch,Pune,High CPU Usage,Warning,54,32,0.42,86,4.2
2026-05-18 07:36:03.235966,SW2-Distribution,Delhi,Memory Utilization High,Warning,62,68,5.04,130,50.4
2026-05-18 07:41:03.235966,SW2-Distribution,Bangalore,Memory Utilization High,Warning,46,42,2.71,88,27.1
2026-05-18 07:46:03.235966,R1-Core,Bangalore,Latency Spike,Warning,42,39,2.26,81,22.6
2026-05-18 07:51:03.235966,SW2-Distribution,Delhi,Route Flapping,Warning,37,43,1.46,80,14.6
2026-05-18 07:56:03.235966,SW1-Access,Bangalore,Memory Utilization High,Warning,74,59,7.9,133,79.0
2026-05-18 08:01:03.235966,R1-Core,Bangalore,High CPU Usage,Warning,21,32,1.93,53,19.3
2026-05-18 08:06:03.235966,SW2-Distribution,Delhi,Packet Loss,Warning,44,40,0.63,84,6.3
2026-05-18 08:11:03.235966,SW1-Access,Bangalore,Route Flapping,Warning,46,38,2.5,84,25.0
2026-05-18 08:16:03.235966,R1-Core,Mumbai,BGP Neighbor Down,Critical,96,87,12.55,183,125.5
2026-05-18 08:21:03.235966,R1-Core,Mumbai,Packet Loss,Critical,91,80,12.35,171,123.5
2026-05-18 08:26:03.235966,R1-Core,Delhi,Memory Utilization High,Warning,36,54,1.11,90,11.1
2026-05-18 08:31:03.235966,FW1-Perimeter,Mumbai,Interface Down,Warning,65,64,3.54,129,35.4
2026-05-18 08:36:03.235966,FW1-Perimeter,Bangalore,Latency Spike,Warning,32,32,1.78,64,17.8
2026-05-18 08:41:03.235966,R2-Branch,Mumbai,Interface Down,Major,69,76,6.0,145,60.0
2026-05-18 08:46:03.235966,FW1-Perimeter,Mumbai,Memory Utilization High,Warning,47,51,1.11,98,11.1
2026-05-18 08:51:03.235966,SW1-Access,Mumbai,Packet Loss,Warning,75,58,5.17,133,51.7
2026-05-18 08:56:03.235966,SW2-Distribution,Delhi,Latency Spike,Warning,53,50,0.81,103,8.1
2026-05-18 09:01:03.235966,FW1-Perimeter,Bangalore,High CPU Usage,Warning,57,38,0.97,95,9.7
2026-05-18 09:06:03.235966,R1-Core,Pune,BGP Neighbor Down,Critical,92,94,11.99,186,119.9
2026-05-18 09:11:03.235966,SW2-Distribution,Pune,Packet Loss,Warning,40,35,1.46,75,14.6
2026-05-18 09:16:03.235966,SW1-Access,Pune,Memory Utilization High,Warning,58,52,2.64,110,26.4
2026-05-18 09:21:03.235966,R1-Core,Delhi,High CPU Usage,Warning,46,45,1.67,91,16.7
2026-05-18 09:26:03.235966,SW2-Distribution,Bangalore,Route Flapping,Warning,21,32,0.88,53,8.8
2026-05-18 09:31:03.235966,R2-Branch,Pune,Packet Loss,Warning,71,70,5.77,141,57.7
2026-05-18 09:36:03.235966,SW2-Distribution,Pune,High CPU Usage,Warning,49,38,0.92,87,9.2
2026-05-18 09:41:03.235966,R1-Core,Delhi,High CPU Usage,Warning,54,54,2.07,108,20.7
2026-05-18 09:46:03.235966,R2-Branch,Bangalore,Packet Loss,Warning,57,54,1.57,111,15.7
2026-05-18 09:51:03.235966,R1-Core,Delhi,BGP Neighbor Down,Major,43,35,0.91,78,9.1
2026-05-18 09:56:03.235966,SW1-Access,Mumbai,Route Flapping,Critical,94,84,12.47,178,124.7
2026-05-18 10:01:03.235966,R1-Core,Mumbai,High CPU Usage,Warning,50,45,1.32,95,13.2
2026-05-18 10:06:03.235966,R1-Core,Pune,Route Flapping,Critical,100,83,13.75,183,137.5
2026-05-18 10:11:03.235966,SW2-Distribution,Mumbai,Memory Utilization High,Warning,23,34,0.45,57,4.5
2026-05-18 10:16:03.235966,SW1-Access,Mumbai,BGP Neighbor Down,Critical,88,93,12.24,181,122.4
2026-05-18 10:21:03.235966,R2-Branch,Bangalore,Route Flapping,Warning,48,39,2.58,87,25.8
2026-05-18 10:26:03.235966,SW1-Access,Mumbai,High CPU Usage,Warning,83,58,7.74,141,77.4
2026-05-18 10:31:03.235966,R2-Branch,Pune,Interface Down,Major,65,62,3.87,127,38.7
2026-05-18 10:36:03.235966,SW2-Distribution,Bangalore,Packet Loss,Warning,75,64,3.16,139,31.6
2026-05-18 10:41:03.235966,SW1-Access,Bangalore,BGP Neighbor Down,Major,34,38,2.36,72,23.6
2026-05-18 10:46:03.235966,R2-Branch,Bangalore,Packet Loss,Warning,34,50,0.45,84,4.5
2026-05-18 10:51:03.235966,R2-Branch,Mumbai,Memory Utilization High,Warning,39,49,2.25,88,22.5
2026-05-18 10:56:03.235966,SW1-Access,Bangalore,Packet Loss,Warning,39,52,1.21,91,12.1
2026-05-18 11:01:03.235966,FW1-Perimeter,Bangalore,BGP Neighbor Down,Major,58,31,2.67,89,26.7
2026-05-18 11:06:03.235966,SW1-Access,Mumbai,Latency Spike,Warning,56,48,2.85,104,28.5
2026-05-18 11:11:03.235966,SW1-Access,Mumbai,Route Flapping,Warning,65,70,5.59,135,55.9
2026-05-18 11:16:03.235966,SW1-Access,Delhi,Route Flapping,Critical,98,95,14.78,193,147.8
2026-05-18 11:21:03.235966,SW1-Access,Bangalore,BGP Neighbor Down,Major,26,35,0.99,61,9.9
2026-05-18 11:26:03.235966,SW2-Distribution,Mumbai,Latency Spike,Warning,40,38,0.97,78,9.7
2026-05-18 11:31:03.235966,SW2-Distribution,Mumbai,High CPU Usage,Warning,77,69,5.07,146,50.7
2026-05-18 11:36:03.235966,FW1-Perimeter,Pune,Interface Down,Major,75,75,5.21,150,52.1
2026-05-18 11:41:03.235966,FW1-Perimeter,Delhi,High CPU Usage,Critical,99,95,8.85,194,88.5
2026-05-18 11:46:03.235966,R2-Branch,Pune,Latency Spike,Warning,55,43,0.28,98,2.8
2026-05-18 11:51:03.235966,R1-Core,Bangalore,Route Flapping,Critical,89,95,14.53,184,145.3
2026-05-18 11:56:03.235966,FW1-Perimeter,Pune,Memory Utilization High,Warning,50,45,0.73,95,7.3
2026-05-18 12:01:03.235966,R2-Branch,Bangalore,High CPU Usage,Warning,58,46,2.24,104,22.4
2026-05-18 12:06:03.235966,R1-Core,Pune,Memory Utilization High,Warning,73,65,7.67,138,76.7
2026-05-18 12:11:03.235966,SW1-Access,Mumbai,BGP Neighbor Down,Major,39,48,1.74,87,17.4
2026-05-18 12:16:03.235966,R2-Branch,Bangalore,Memory Utilization High,Warning,42,40,1.66,82,16.6
2026-05-18 12:21:03.235966,SW2-Distribution,Bangalore,Packet Loss,Major,91,87,12.0,178,120.0
2026-05-18 12:26:03.235966,SW2-Distribution,Mumbai,Route Flapping,Warning,50,52,2.74,102,27.4
2026-05-18 12:31:03.235966,SW2-Distribution,Delhi,Memory Utilization High,Warning,22,34,1.51,56,15.1
2026-05-18 12:36:03.235966,SW1-Access,Mumbai,Route Flapping,Critical,99,83,11.68,182,116.8
2026-05-18 12:41:03.235966,R1-Core,Delhi,Packet Loss,Warning,29,32,1.41,61,14.1
2026-05-18 12:46:03.235966,SW1-Access,Bangalore,Route Flapping,Warning,70,76,7.3,146,73.0
2026-05-18 12:51:03.235966,SW1-Access,Bangalore,BGP Neighbor Down,Critical,86,82,9.64,168,96.4
2026-05-18 12:56:03.235966,SW1-Access,Delhi,BGP Neighbor Down,Warning,73,58,6.8,131,68.0
2026-05-18 13:01:03.235966,SW2-Distribution,Delhi,Interface Down,Major,60,56,4.62,116,46.2
2026-05-18 13:06:03.235966,SW1-Access,Bangalore,Latency Spike,Warning,53,43,1.7,96,17.0
2026-05-18 13:11:03.235966,R2-Branch,Delhi,High CPU Usage,Warning,59,42,1.86,101,18.6
2026-05-18 13:16:03.235966,SW2-Distribution,Delhi,BGP Neighbor Down,Major,60,38,1.38,98,13.8
2026-05-18 13:21:03.235966,SW2-Distribution,Pune,Packet Loss,Warning,65,57,5.21,122,52.1
2026-05-18 13:26:03.235966,FW1-Perimeter,Pune,Latency Spike,Warning,73,77,4.25,150,42.5
2026-05-18 13:31:03.235966,SW1-Access,Delhi,Memory Utilization High,Critical,100,83,9.66,183,96.6
2026-05-18 13:36:03.235966,SW1-Access,Mumbai,High CPU Usage,Major,97,88,8.06,185,80.6
2026-05-18 13:41:03.235966,SW2-Distribution,Pune,High CPU Usage,Warning,67,74,7.01,141,70.1
2026-05-18 13:46:03.235966,R2-Branch,Pune,Latency Spike,Warning,83,79,6.3,162,63.0
2026-05-18 13:51:03.235966,R2-Branch,Mumbai,Packet Loss,Critical,86,89,13.52,175,135.2
2026-05-18 13:56:03.235966,R2-Branch,Mumbai,High CPU Usage,Critical,95,93,9.23,188,92.3
2026-05-18 14:01:03.235966,FW1-Perimeter,Pune,Latency Spike,Warning,37,35,0.77,72,7.7
2026-05-18 14:06:03.235966,SW2-Distribution,Pune,Interface Down,Major,70,80,3.58,150,35.8
2026-05-18 14:11:03.235966,R2-Branch,Bangalore,Packet Loss,Critical,96,82,13.53,178,135.3
2026-05-18 14:16:03.235966,SW1-Access,Mumbai,BGP Neighbor Down,Warning,36,48,1.14,84,11.4
2026-05-18 14:21:03.235966,R1-Core,Delhi,Memory Utilization High,Warning,59,47,0.98,106,9.8
2026-05-18 14:26:03.235966,R2-Branch,Mumbai,Route Flapping,Warning,74,77,4.51,151,45.1
2026-05-18 14:31:03.235966,R1-Core,Delhi,Interface Down,Major,22,39,2.99,61,29.9
2026-05-18 14:36:03.235966,FW1-Perimeter,Delhi,BGP Neighbor Down,Warning,43,51,2.85,94,28.5
2026-05-18 14:41:03.235966,SW2-Distribution,Delhi,Route Flapping,Critical,88,95,12.31,183,123.1
2026-05-18 14:46:03.235966,R1-Core,Pune,Interface Down,Warning,48,37,2.57,85,25.7
2026-05-18 14:51:03.235966,SW1-Access,Pune,Latency Spike,Warning,37,36,2.9,73,29.0
2026-05-18 14:56:03.235966,SW2-Distribution,Mumbai,Interface Down,Major,80,75,5.99,155,59.9
2026-05-18 15:01:03.235966,SW1-Access,Delhi,BGP Neighbor Down,Critical,91,82,13.81,173,138.1
2026-05-18 15:06:03.235966,R2-Branch,Delhi,Latency Spike,Warning,67,65,6.87,132,68.7
2026-05-18 15:11:03.235966,FW1-Perimeter,Mumbai,Latency Spike,Warning,29,34,1.62,63,16.2
2026-05-18 15:16:03.235966,R2-Branch,Mumbai,Latency Spike,Warning,60,59,3.07,119,30.7
2026-05-18 15:21:03.235966,R2-Branch,Pune,Route Flapping,Warning,36,31,0.38,67,3.8
2026-05-18 15:26:03.235966,FW1-Perimeter,Mumbai,Memory Utilization High,Warning,75,69,6.89,144,68.9
2026-05-18 15:31:03.235966,FW1-Perimeter,Mumbai,Latency Spike,Warning,34,49,0.13,83,1.3
2026-05-18 15:36:03.235966,FW1-Perimeter,Pune,Latency Spike,Warning,21,31,3.0,52,30.0
2026-05-18 15:41:03.235966,SW2-Distribution,Bangalore,Interface Down,Warning,75,77,7.55,152,75.5
2026-05-18 15:46:03.235966,SW1-Access,Delhi,Memory Utilization High,Warning,37,49,1.9,86,19.0
2026-05-18 15:51:03.235966,SW1-Access,Bangalore,Route Flapping,Critical,94,94,11.54,188,115.4
2026-05-18 15:56:03.235966,R1-Core,Mumbai,Packet Loss,Critical,91,93,11.16,184,111.6
2026-05-18 16:01:03.235966,SW2-Distribution,Pune,Packet Loss,Warning,72,68,6.65,140,66.5
2026-05-18 16:06:03.235966,SW2-Distribution,Pune,Route Flapping,Warning,71,59,6.43,130,64.3
2026-05-18 16:11:03.235966,R1-Core,Mumbai,BGP Neighbor Down,Major,62,68,3.48,130,34.8
2026-05-18 16:16:03.235966,R2-Branch,Mumbai,Interface Down,Major,55,47,0.99,102,9.9
2026-05-18 16:21:03.235966,SW2-Distribution,Mumbai,High CPU Usage,Critical,94,91,8.73,185,87.3
2026-05-18 16:26:03.235966,R2-Branch,Bangalore,Packet Loss,Warning,26,41,2.54,67,25.4
2026-05-18 16:31:03.235966,R1-Core,Pune,Latency Spike,Warning,47,47,2.92,94,29.2
2026-05-18 16:36:03.235966,FW1-Perimeter,Mumbai,High CPU Usage,Warning,81,77,4.34,158,43.4
2026-05-18 16:41:03.235966,SW1-Access,Pune,High CPU Usage,Critical,96,80,9.27,176,92.7
2026-05-18 16:46:03.235966,SW2-Distribution,Mumbai,Memory Utilization High,Warning,60,30,0.28,90,2.8
2026-05-18 16:51:03.235966,R2-Branch,Bangalore,BGP Neighbor Down,Major,41,35,1.11,76,11.1
2026-05-18 16:56:03.235966,FW1-Perimeter,Mumbai,Packet Loss,Critical,89,85,13.28,174,132.8
2026-05-18 17:01:03.235966,SW1-Access,Bangalore,Packet Loss,Warning,75,74,5.21,149,52.1
2026-05-18 17:06:03.235966,R2-Branch,Mumbai,Memory Utilization High,Warning,27,39,2.03,66,20.3
2026-05-18 17:11:03.235966,SW2-Distribution,Pune,High CPU Usage,Warning,45,49,0.16,94,1.6
2026-05-18 17:16:03.235966,SW1-Access,Delhi,Interface Down,Major,84,63,4.45,147,44.5
2026-05-18 17:21:03.235966,SW2-Distribution,Delhi,Memory Utilization High,Warning,54,52,0.69,106,6.9
2026-05-18 17:26:03.235966,SW1-Access,Mumbai,Interface Down,Warning,22,43,0.06,65,0.6
2026-05-18 17:31:03.235966,FW1-Perimeter,Bangalore,Route Flapping,Warning,60,43,0.87,103,8.7
2026-05-18 17:36:03.235966,R1-Core,Pune,Packet Loss,Warning,59,44,2.5,103,25.0
2026-05-18 17:41:03.235966,R1-Core,Bangalore,Memory Utilization High,Warning,67,68,5.94,135,59.4
2026-05-18 17:46:03.235966,R1-Core,Bangalore,Packet Loss,Critical,95,87,10.33,182,103.3
2026-05-18 17:51:03.235966,R1-Core,Delhi,BGP Neighbor Down,Critical,96,91,13.09,187,130.9
2026-05-18 17:56:03.235966,R2-Branch,Delhi,High CPU Usage,Warning,36,36,0.52,72,5.2
2026-05-18 18:01:03.235966,R1-Core,Delhi,BGP Neighbor Down,Critical,100,94,13.28,194,132.8
2026-05-18 18:06:03.235966,SW2-Distribution,Pune,Route Flapping,Critical,95,84,11.08,179,110.8
2026-05-18 18:11:03.235966,SW2-Distribution,Pune,Interface Down,Major,78,56,4.76,134,47.6
2026-05-18 18:16:03.235966,SW2-Distribution,Mumbai,Latency Spike,Warning,38,32,1.93,70,19.3
2026-05-18 18:21:03.235966,R1-Core,Bangalore,Interface Down,Major,55,55,2.22,110,22.2
2026-05-18 18:26:03.235966,FW1-Perimeter,Delhi,Interface Down,Major,50,46,0.45,96,4.5
2026-05-18 18:31:03.235966,SW1-Access,Mumbai,Route Flapping,Warning,31,31,0.74,62,7.4
2026-05-18 18:36:03.235966,SW2-Distribution,Delhi,Packet Loss,Warning,38,42,1.23,80,12.3
2026-05-18 18:41:03.235966,FW1-Perimeter,Mumbai,Interface Down,Major,80,65,3.33,145,33.3
2026-05-18 18:46:03.235966,SW2-Distribution,Pune,Memory Utilization High,Warning,58,34,1.0,92,10.0
2026-05-18 18:51:03.235966,R2-Branch,Pune,Interface Down,Major,45,34,1.79,79,17.9
2026-05-18 18:56:03.235966,SW2-Distribution,Pune,BGP Neighbor Down,Warning,81,77,7.14,158,71.4
2026-05-18 19:01:03.235966,FW1-Perimeter,Mumbai,Packet Loss,Warning,73,71,4.81,144,48.1
2026-05-18 19:06:03.235966,SW1-Access,Delhi,High CPU Usage,Critical,95,95,9.34,190,93.4
2026-05-18 19:11:03.235966,R2-Branch,Mumbai,Latency Spike,Warning,26,46,2.31,72,23.1
2026-05-18 19:16:03.235966,FW1-Perimeter,Mumbai,Route Flapping,Warning,84,74,3.66,158,36.6
2026-05-18 19:21:03.235966,R2-Branch,Delhi,BGP Neighbor Down,Major,59,55,2.71,114,27.1
2026-05-18 19:26:03.235966,SW2-Distribution,Pune,Latency Spike,Warning,67,69,6.05,136,60.5
2026-05-18 19:31:03.235966,SW2-Distribution,Delhi,Latency Spike,Warning,39,55,2.35,94,23.5
2026-05-18 19:36:03.235966,R2-Branch,Pune,Packet Loss,Warning,78,69,5.31,147,53.1
2026-05-18 19:41:03.235966,SW2-Distribution,Bangalore,Packet Loss,Critical,91,84,14.11,175,141.1
2026-05-18 19:46:03.235966,SW1-Access,Mumbai,Latency Spike,Warning,76,58,4.43,134,44.3
2026-05-18 19:51:03.235966,R2-Branch,Pune,Interface Down,Warning,52,34,2.49,86,24.9
2026-05-18 19:56:03.235966,R2-Branch,Bangalore,Memory Utilization High,Major,85,93,8.37,178,83.7
2026-05-18 20:01:03.235966,SW2-Distribution,Mumbai,Latency Spike,Warning,21,40,2.79,61,27.9
2026-05-18 20:06:03.235966,SW1-Access,Delhi,High CPU Usage,Warning,38,45,2.09,83,20.9
2026-05-18 20:11:03.235966,SW2-Distribution,Bangalore,Latency Spike,Warning,62,55,4.28,117,42.8
2026-05-18 20:16:03.235966,R2-Branch,Bangalore,Interface Down,Major,38,37,0.9,75,9.0
2026-05-18 20:21:03.235966,FW1-Perimeter,Bangalore,BGP Neighbor Down,Major,51,49,1.61,100,16.1
2026-05-18 20:26:03.235966,R2-Branch,Delhi,Memory Utilization High,Warning,20,49,1.06,69,10.6
2026-05-18 20:31:03.235966,SW2-Distribution,Delhi,Interface Down,Warning,62,71,7.87,133,78.7
2026-05-18 20:36:03.235966,FW1-Perimeter,Mumbai,Packet Loss,Warning,50,31,1.91,81,19.1
2026-05-18 20:41:03.235966,SW1-Access,Mumbai,BGP Neighbor Down,Major,24,41,0.72,65,7.2
2026-05-18 20:46:03.235966,FW1-Perimeter,Pune,BGP Neighbor Down,Major,42,47,1.02,89,10.2
2026-05-18 20:51:03.235966,SW2-Distribution,Bangalore,Latency Spike,Warning,85,59,3.32,144,33.2
2026-05-18 20:56:03.235966,SW2-Distribution,Mumbai,Interface Down,Major,22,55,0.6,77,6.0
2026-05-18 21:01:03.235966,SW1-Access,Bangalore,High CPU Usage,Critical,100,88,8.26,188,82.6
2026-05-18 21:06:03.235966,R1-Core,Pune,BGP Neighbor Down,Major,43,43,2.67,86,26.7
2026-05-18 21:11:03.235966,SW2-Distribution,Pune,BGP Neighbor Down,Critical,100,95,10.57,195,105.7
2026-05-18 21:16:03.235966,SW1-Access,Mumbai,Latency Spike,Warning,62,68,6.01,130,60.1
2026-05-18 21:21:03.235966,R2-Branch,Pune,Packet Loss,Warning,25,40,1.98,65,19.8
2026-05-18 21:26:03.235966,SW2-Distribution,Bangalore,BGP Neighbor Down,Warning,48,41,1.34,89,13.4
2026-05-18 21:31:03.235966,SW1-Access,Bangalore,Route Flapping,Warning,23,32,2.01,55,20.1
2026-05-18 21:36:03.235966,SW1-Access,Delhi,Interface Down,Critical,89,94,8.24,183,82.4
2026-05-18 21:41:03.235966,R2-Branch,Pune,BGP Neighbor Down,Major,56,31,1.82,87,18.2
2026-05-18 21:46:03.235966,SW1-Access,Pune,Packet Loss,Warning,24,48,0.41,72,4.1
2026-05-18 21:51:03.235966,SW2-Distribution,Pune,High CPU Usage,Warning,67,58,3.13,125,31.3
2026-05-18 21:56:03.235966,SW2-Distribution,Bangalore,BGP Neighbor Down,Critical,88,88,13.42,176,134.2
2026-05-18 22:01:03.235966,SW2-Distribution,Delhi,High CPU Usage,Critical,94,95,9.4,189,94.0
2026-05-18 22:06:03.235966,R1-Core,Bangalore,Latency Spike,Warning,48,32,2.43,80,24.3
2026-05-18 22:11:03.235966,SW1-Access,Pune,Packet Loss,Warning,77,72,4.45,149,44.5
2026-05-18 22:16:03.235966,R2-Branch,Delhi,High CPU Usage,Warning,76,62,3.61,138,36.1
2026-05-18 22:21:03.235966,R2-Branch,Delhi,Packet Loss,Warning,60,66,5.77,126,57.7
2026-05-18 22:26:03.235966,SW2-Distribution,Delhi,BGP Neighbor Down,Major,62,57,4.55,119,45.5
2026-05-18 22:31:03.235966,FW1-Perimeter,Bangalore,Packet Loss,Warning,78,57,3.63,135,36.3
2026-05-18 22:36:03.235966,R1-Core,Bangalore,Latency Spike,Warning,53,41,0.39,94,3.9
2026-05-18 22:41:03.235966,FW1-Perimeter,Delhi,Latency Spike,Warning,64,68,5.51,132,55.1
2026-05-18 22:46:03.235966,R1-Core,Mumbai,BGP Neighbor Down,Major,39,35,0.49,74,4.9
2026-05-18 22:51:03.235966,FW1-Perimeter,Pune,Memory Utilization High,Warning,68,61,6.18,129,61.8
2026-05-18 22:56:03.235966,SW1-Access,Delhi,BGP Neighbor Down,Major,79,72,3.47,151,34.7
2026-05-18 23:01:03.235966,FW1-Perimeter,Delhi,Packet Loss,Warning,59,53,2.71,112,27.1
2026-05-18 23:06:03.235966,FW1-Perimeter,Mumbai,BGP Neighbor Down,Major,60,57,3.23,117,32.3
2026-05-18 23:11:03.235966,SW1-Access,Delhi,Route Flapping,Warning,73,74,6.19,147,61.9
2026-05-18 23:16:03.235966,FW1-Perimeter,Pune,Latency Spike,Warning,69,70,4.22,139,42.2
2026-05-18 23:21:03.235966,SW2-Distribution,Pune,Route Flapping,Warning,23,35,1.32,58,13.2
2026-05-18 23:26:03.235966,SW2-Distribution,Delhi,Packet Loss,Warning,29,40,2.58,69,25.8
2026-05-18 23:31:03.235966,SW1-Access,Bangalore,Packet Loss,Warning,43,46,1.68,89,16.8
2026-05-18 23:36:03.235966,R2-Branch,Bangalore,Interface Down,Major,48,37,0.42,85,4.2
2026-05-18 23:41:03.235966,SW2-Distribution,Bangalore,BGP Neighbor Down,Major,30,40,2.8,70,28.0
2026-05-18 23:46:03.235966,R2-Branch,Bangalore,Route Flapping,Critical,99,95,14.15,194,141.5
2026-05-18 23:51:03.235966,R1-Core,Mumbai,Memory Utilization High,Critical,99,87,9.51,186,95.1
2026-05-18 23:56:03.235966,SW1-Access,Bangalore,Latency Spike,Warning,50,39,1.61,89,16.1
2026-05-19 00:01:03.235966,R1-Core,Bangalore,Route Flapping,Warning,36,53,1.1,89,11.0
2026-05-19 00:06:03.235966,SW1-Access,Mumbai,Memory Utilization High,Warning,56,47,0.58,103,5.8
2026-05-19 00:11:03.235966,SW1-Access,Mumbai,Latency Spike,Warning,48,54,1.65,102,16.5
2026-05-19 00:16:03.235966,FW1-Perimeter,Mumbai,Packet Loss,Warning,26,42,1.12,68,11.2
2026-05-19 00:21:03.235966,FW1-Perimeter,Pune,Memory Utilization High,Warning,66,74,5.55,140,55.5
2026-05-19 00:26:03.235966,R1-Core,Mumbai,Route Flapping,Warning,41,55,1.42,96,14.2
2026-05-19 00:31:03.235966,R2-Branch,Delhi,Memory Utilization High,Warning,59,40,0.49,99,4.9
2026-05-19 00:36:03.235966,SW1-Access,Pune,Memory Utilization High,Warning,52,47,1.47,99,14.7
2026-05-19 00:41:03.235966,SW1-Access,Bangalore,Route Flapping,Warning,71,65,6.37,136,63.7
2026-05-19 00:46:03.235966,FW1-Perimeter,Pune,Memory Utilization High,Warning,83,77,6.15,160,61.5
2026-05-19 00:51:03.235966,SW2-Distribution,Pune,Packet Loss,Critical,92,81,12.08,173,120.8
2026-05-19 00:56:03.235966,FW1-Perimeter,Bangalore,BGP Neighbor Down,Major,35,31,1.72,66,17.2
2026-05-19 01:01:03.235966,R1-Core,Bangalore,Route Flapping,Warning,29,43,2.07,72,20.7
2026-05-19 01:06:03.235966,FW1-Perimeter,Bangalore,BGP Neighbor Down,Critical,86,84,11.63,170,116.3
2026-05-19 01:11:03.235966,SW1-Access,Bangalore,Memory Utilization High,Warning,40,35,1.38,75,13.8
2026-05-19 01:16:03.235966,SW1-Access,Pune,BGP Neighbor Down,Major,83,76,6.22,159,62.2
2026-05-19 01:21:03.235966,SW2-Distribution,Delhi,Memory Utilization High,Critical,93,89,9.57,182,95.7
2026-05-19 01:26:03.235966,R2-Branch,Bangalore,Latency Spike,Warning,42,47,2.8,89,28.0
2026-05-19 01:31:03.235966,SW1-Access,Pune,Route Flapping,Warning,54,42,2.69,96,26.9
2026-05-19 01:36:03.235966,SW1-Access,Delhi,Route Flapping,Warning,38,52,0.24,90,2.4
2026-05-19 01:41:03.235966,SW1-Access,Bangalore,BGP Neighbor Down,Major,54,38,2.8,92,28.0
2026-05-19 01:46:03.235966,R1-Core,Delhi,Interface Down,Major,53,37,1.91,90,19.1
2026-05-19 01:51:03.235966,SW1-Access,Bangalore,High CPU Usage,Warning,28,30,2.89,58,28.9
2026-05-19 01:56:03.235966,SW2-Distribution,Bangalore,Packet Loss,Warning,32,54,2.89,86,28.9
2026-05-19 02:01:03.235966,SW1-Access,Mumbai,BGP Neighbor Down,Critical,87,87,11.75,174,117.5
2026-05-19 02:06:03.235966,R1-Core,Delhi,Route Flapping,Warning,31,31,2.99,62,29.9
2026-05-19 02:11:03.235966,SW2-Distribution,Delhi,High CPU Usage,Major,94,81,8.06,175,80.6
2026-05-19 02:16:03.235966,SW1-Access,Pune,High CPU Usage,Warning,54,46,1.48,100,14.8
2026-05-19 02:21:03.235966,FW1-Perimeter,Bangalore,Route Flapping,Warning,27,40,0.49,67,4.9
2026-05-19 02:26:03.235966,SW1-Access,Delhi,BGP Neighbor Down,Major,41,55,0.89,96,8.9
2026-05-19 02:31:03.235966,R2-Branch,Bangalore,BGP Neighbor Down,Major,76,65,3.43,141,34.3
2026-05-19 02:36:03.235966,R2-Branch,Bangalore,High CPU Usage,Warning,35,30,0.78,65,7.8
2026-05-19 02:41:03.235966,SW2-Distribution,Pune,Memory Utilization High,Major,94,80,9.83,174,98.3
2026-05-19 02:46:03.235966,R1-Core,Mumbai,BGP Neighbor Down,Major,30,42,2.06,72,20.6
2026-05-19 02:51:03.235966,R1-Core,Pune,Route Flapping,Warning,34,37,2.87,71,28.7
2026-05-19 02:56:03.235966,R2-Branch,Bangalore,Memory Utilization High,Warning,79,66,5.08,145,50.8
2026-05-19 03:01:03.235966,SW2-Distribution,Delhi,Latency Spike,Warning,81,79,5.98,160,59.8
2026-05-19 03:06:03.235966,R1-Core,Bangalore,Interface Down,Major,43,32,2.75,75,27.5
2026-05-19 03:11:03.235966,FW1-Perimeter,Delhi,Memory Utilization High,Warning,29,35,0.98,64,9.8
2026-05-19 03:16:03.235966,SW2-Distribution,Mumbai,Memory Utilization High,Warning,82,73,5.44,155,54.4
2026-05-19 03:21:03.235966,SW2-Distribution,Mumbai,Interface Down,Major,52,43,1.37,95,13.7
2026-05-19 03:26:03.235966,SW1-Access,Mumbai,Interface Down,Major,20,53,0.65,73,6.5
2026-05-19 03:31:03.235966,SW1-Access,Mumbai,Route Flapping,Warning,23,32,2.96,55,29.6
2026-05-19 03:36:03.235966,R1-Core,Pune,BGP Neighbor Down,Major,28,54,1.92,82,19.2
2026-05-19 03:41:03.235966,SW2-Distribution,Pune,Route Flapping,Critical,97,94,14.09,191,140.9
2026-05-19 03:46:03.235966,SW2-Distribution,Mumbai,Latency Spike,Warning,81,72,3.66,153,36.6
2026-05-19 03:51:03.235966,SW1-Access,Mumbai,BGP Neighbor Down,Warning,54,42,1.59,96,15.9
2026-05-19 03:56:03.235966,R1-Core,Mumbai,Packet Loss,Critical,99,93,11.72,192,117.2
2026-05-19 04:01:03.235966,R2-Branch,Bangalore,BGP Neighbor Down,Major,37,36,2.81,73,28.1
2026-05-19 04:06:03.235966,R1-Core,Bangalore,Interface Down,Major,60,62,4.03,122,40.3
2026-05-19 04:11:03.235966,SW2-Distribution,Mumbai,Memory Utilization High,Warning,22,42,1.32,64,13.2
2026-05-19 04:16:03.235966,R2-Branch,Mumbai,BGP Neighbor Down,Major,38,37,2.45,75,24.5
2026-05-19 04:21:03.235966,FW1-Perimeter,Pune,Route Flapping,Warning,29,51,1.56,80,15.6
2026-05-19 04:26:03.235966,SW1-Access,Pune,BGP Neighbor Down,Major,57,53,2.73,110,27.3
2026-05-19 04:31:03.235966,FW1-Perimeter,Bangalore,Latency Spike,Warning,42,50,2.01,92,20.1
2026-05-19 04:36:03.235966,FW1-Perimeter,Pune,High CPU Usage,Warning,73,59,4.5,132,45.0
2026-05-19 04:41:03.235966,FW1-Perimeter,Bangalore,High CPU Usage,Warning,34,39,2.57,73,25.7
2026-05-19 04:46:03.235966,SW2-Distribution,Mumbai,Route Flapping,Warning,46,47,1.59,93,15.9
2026-05-19 04:51:03.235966,R2-Branch,Pune,Interface Down,Major,25,44,2.54,69,25.4
2026-05-19 04:56:03.235966,R2-Branch,Mumbai,Interface Down,Major,58,49,0.12,107,1.2
2026-05-19 05:01:03.235966,FW1-Perimeter,Delhi,Interface Down,Major,41,39,2.87,80,28.7
2026-05-19 05:06:03.235966,R2-Branch,Mumbai,BGP Neighbor Down,Major,84,70,7.57,154,75.7
2026-05-19 05:11:03.235966,R2-Branch,Bangalore,BGP Neighbor Down,Critical,95,89,10.66,184,106.6
2026-05-19 05:16:03.235966,SW1-Access,Pune,Latency Spike,Warning,52,45,1.4,97,14.0
2026-05-19 05:21:03.235966,SW2-Distribution,Pune,BGP Neighbor Down,Critical,96,90,10.9,186,109.0
2026-05-19 05:26:03.235966,R2-Branch,Delhi,Route Flapping,Warning,55,48,1.74,103,17.4
2026-05-19 05:31:03.235966,SW1-Access,Delhi,High CPU Usage,Warning,34,42,1.71,76,17.1
2026-05-19 05:36:03.235966,SW2-Distribution,Pune,Route Flapping,Warning,51,53,1.93,104,19.3
2026-05-19 05:41:03.235966,SW2-Distribution,Delhi,Memory Utilization High,Warning,71,60,3.7,131,37.0
2026-05-19 05:46:03.235966,SW2-Distribution,Delhi,Packet Loss,Major,86,81,13.87,167,138.7
2026-05-19 05:51:03.235966,R1-Core,Mumbai,High CPU Usage,Warning,60,37,0.2,97,2.0
2026-05-19 05:56:03.235966,R1-Core,Delhi,BGP Neighbor Down,Warning,43,31,1.85,74,18.5
2026-05-19 06:01:03.235966,SW2-Distribution,Bangalore,Interface Down,Major,54,47,1.23,101,12.3
2026-05-19 06:06:03.235966,SW1-Access,Pune,High CPU Usage,Warning,47,55,2.82,102,28.2
2026-05-19 06:11:03.235966,R1-Core,Mumbai,Packet Loss,Warning,35,36,1.86,71,18.6
2026-05-19 06:16:03.235966,SW1-Access,Pune,Route Flapping,Warning,62,66,7.8,128,78.0
2026-05-19 06:21:03.235966,FW1-Perimeter,Delhi,Packet Loss,Critical,92,89,12.79,181,127.9
2026-05-19 06:26:03.235966,R1-Core,Mumbai,BGP Neighbor Down,Major,44,47,1.43,91,14.3
2026-05-19 06:31:03.235966,R2-Branch,Mumbai,Memory Utilization High,Warning,47,50,2.35,97,23.5
2026-05-19 06:36:03.235966,R1-Core,Mumbai,Interface Down,Major,56,45,0.81,101,8.1
2026-05-19 06:41:03.235966,SW1-Access,Mumbai,Memory Utilization High,Warning,40,30,2.88,70,28.8
2026-05-19 06:46:03.235966,R2-Branch,Bangalore,BGP Neighbor Down,Critical,94,85,11.95,179,119.5
2026-05-19 06:51:03.235966,SW2-Distribution,Pune,BGP Neighbor Down,Major,28,55,2.97,83,29.7
2026-05-19 06:56:03.235966,SW1-Access,Mumbai,Latency Spike,Warning,34,32,1.02,66,10.2
2026-05-19 07:01:03.235966,FW1-Perimeter,Bangalore,Route Flapping,Critical,95,80,12.44,175,124.4
2026-05-19 07:06:03.235966,SW2-Distribution,Delhi,Memory Utilization High,Warning,44,43,0.56,87,5.6
2026-05-19 07:11:03.235966,SW2-Distribution,Mumbai,Interface Down,Major,69,80,4.23,149,42.3
2026-05-19 07:16:03.235966,R2-Branch,Bangalore,Packet Loss,Warning,80,59,6.7,139,67.0
2026-05-19 07:21:03.235966,SW1-Access,Mumbai,Packet Loss,Warning,39,44,1.08,83,10.8
2026-05-19 07:26:03.235966,R1-Core,Delhi,Memory Utilization High,Warning,47,44,1.67,91,16.7
2026-05-19 07:31:03.235966,SW2-Distribution,Mumbai,Memory Utilization High,Warning,42,47,0.28,89,2.8
2026-05-19 07:36:03.235966,SW1-Access,Bangalore,BGP Neighbor Down,Warning,46,42,2.34,88,23.4
2026-05-19 07:41:03.235966,R2-Branch,Delhi,Packet Loss,Warning,65,59,4.34,124,43.4
2026-05-19 07:46:03.235966,SW2-Distribution,Delhi,Route Flapping,Warning,47,38,1.26,85,12.6
2026-05-19 07:51:03.235966,R1-Core,Pune,Memory Utilization High,Warning,35,53,1.88,88,18.8
2026-05-19 07:56:03.235966,FW1-Perimeter,Delhi,Route Flapping,Warning,28,39,0.02,67,0.2
2026-05-19 08:01:03.235966,SW1-Access,Bangalore,Latency Spike,Warning,70,69,4.67,139,46.7
2026-05-19 08:06:03.235966,FW1-Perimeter,Delhi,Packet Loss,Warning,58,52,0.6,110,6.0
2026-05-19 08:11:03.235966,R2-Branch,Bangalore,Packet Loss,Critical,94,95,14.77,189,147.7
2026-05-19 08:16:03.235966,SW1-Access,Bangalore,Memory Utilization High,Warning,45,41,0.34,86,3.4
2026-05-19 08:21:03.235966,R2-Branch,Delhi,Route Flapping,Warning,77,55,7.77,132,77.7
2026-05-19 08:26:03.235966,R2-Branch,Bangalore,Latency Spike,Warning,82,57,7.09,139,70.9
2026-05-19 08:31:03.235966,SW2-Distribution,Bangalore,High CPU Usage,Warning,39,37,0.76,76,7.6
2026-05-19 08:36:03.235966,SW2-Distribution,Bangalore,Memory Utilization High,Warning,58,45,1.75,103,17.5
2026-05-19 08:41:03.235966,FW1-Perimeter,Bangalore,Memory Utilization High,Warning,43,52,2.69,95,26.9
2026-05-19 08:46:03.235966,FW1-Perimeter,Mumbai,High CPU Usage,Warning,35,51,1.99,86,19.9
2026-05-19 08:51:03.235966,FW1-Perimeter,Mumbai,Latency Spike,Warning,45,54,0.99,99,9.9
2026-05-19 08:56:03.235966,SW2-Distribution,Mumbai,Memory Utilization High,Warning,36,37,1.53,73,15.3
2026-05-19 09:01:03.235966,FW1-Perimeter,Delhi,Memory Utilization High,Warning,45,44,2.32,89,23.2
2026-05-19 09:06:03.235966,FW1-Perimeter,Delhi,Route Flapping,Warning,21,45,0.31,66,3.1
2026-05-19 09:11:03.235966,R1-Core,Mumbai,Packet Loss,Warning,83,59,4.74,142,47.4
2026-05-19 09:16:03.235966,SW2-Distribution,Delhi,BGP Neighbor Down,Major,42,45,0.29,87,2.9
2026-05-19 09:21:03.235966,SW1-Access,Mumbai,BGP Neighbor Down,Major,27,30,2.55,57,25.5
2026-05-19 09:26:03.235966,R2-Branch,Delhi,Route Flapping,Warning,55,35,0.99,90,9.9
2026-05-19 09:31:03.235966,SW2-Distribution,Delhi,BGP Neighbor Down,Major,80,60,3.93,140,39.3
2026-05-19 09:36:03.235966,R1-Core,Delhi,High CPU Usage,Warning,47,42,0.01,89,0.1
2026-05-19 09:41:03.235966,R2-Branch,Pune,Interface Down,Major,85,80,3.31,165,33.1
2026-05-19 09:46:03.235966,FW1-Perimeter,Delhi,BGP Neighbor Down,Warning,32,44,0.34,76,3.4
2026-05-19 09:51:03.235966,FW1-Perimeter,Pune,Packet Loss,Warning,59,42,1.76,101,17.6
2026-05-19 09:56:03.235966,SW1-Access,Bangalore,Memory Utilization High,Warning,81,77,7.0,158,70.0
2026-05-19 10:01:03.235966,FW1-Perimeter,Mumbai,Interface Down,Major,70,58,4.19,128,41.9
2026-05-19 10:06:03.235966,R2-Branch,Bangalore,High CPU Usage,Warning,28,48,1.15,76,11.5
2026-05-19 10:11:03.235966,SW2-Distribution,Delhi,Packet Loss,Warning,51,39,0.42,90,4.2
2026-05-19 10:16:03.235966,SW2-Distribution,Mumbai,Latency Spike,Major,85,95,8.96,180,89.6
2026-05-19 10:21:03.235966,FW1-Perimeter,Bangalore,Route Flapping,Warning,51,43,2.13,94,21.3
2026-05-19 10:26:03.235966,SW2-Distribution,Delhi,Packet Loss,Warning,21,55,2.28,76,22.8
2026-05-19 10:31:03.235966,R1-Core,Pune,Memory Utilization High,Warning,38,35,2.34,73,23.4
2026-05-19 10:36:03.235966,SW2-Distribution,Mumbai,Packet Loss,Warning,37,54,1.63,91,16.3
2026-05-19 10:41:03.235966,FW1-Perimeter,Mumbai,Route Flapping,Warning,74,72,4.09,146,40.9
2026-05-19 10:46:03.235966,R1-Core,Delhi,Latency Spike,Warning,22,44,0.79,66,7.9
2026-05-19 10:51:03.235966,R1-Core,Bangalore,BGP Neighbor Down,Critical,88,87,9.47,175,94.7
2026-05-19 10:56:03.235966,FW1-Perimeter,Pune,Packet Loss,Critical,98,85,12.31,183,123.1
2026-05-19 11:01:03.235966,R2-Branch,Mumbai,High CPU Usage,Warning,54,38,1.79,92,17.9
2026-05-19 11:06:03.235966,SW1-Access,Pune,BGP Neighbor Down,Warning,37,46,2.96,83,29.6
2026-05-19 11:11:03.235966,R2-Branch,Bangalore,Packet Loss,Critical,93,84,12.91,177,129.1
2026-05-19 11:16:03.235966,SW1-Access,Delhi,Memory Utilization High,Warning,81,67,5.45,148,54.5
2026-05-19 11:21:03.235966,SW1-Access,Bangalore,Latency Spike,Warning,24,50,2.38,74,23.8
2026-05-19 11:26:03.235966,R1-Core,Bangalore,Packet Loss,Warning,37,52,2.81,89,28.1
2026-05-19 11:31:03.235966,SW2-Distribution,Bangalore,Interface Down,Major,20,54,2.54,74,25.4
2026-05-19 11:36:03.235966,SW2-Distribution,Pune,Packet Loss,Critical,97,86,14.78,183,147.8
2026-05-19 11:41:03.235966,SW2-Distribution,Pune,High CPU Usage,Warning,38,40,1.64,78,16.4
2026-05-19 11:46:03.235966,FW1-Perimeter,Bangalore,Interface Down,Major,81,79,3.24,160,32.4
2026-05-19 11:51:03.235966,SW2-Distribution,Mumbai,Route Flapping,Warning,30,44,1.37,74,13.7
2026-05-19 11:56:03.235966,R2-Branch,Delhi,Route Flapping,Critical,94,85,14.12,179,141.2
2026-05-19 12:01:03.235966,R1-Core,Pune,High CPU Usage,Warning,43,51,2.71,94,27.1
2026-05-19 12:06:03.235966,R1-Core,Bangalore,Route Flapping,Warning,83,77,6.78,160,67.8
2026-05-19 12:11:03.235966,R1-Core,Mumbai,High CPU Usage,Warning,50,32,0.4,82,4.0
2026-05-19 12:16:03.235966,FW1-Perimeter,Bangalore,Route Flapping,Warning,41,33,2.96,74,29.6
2026-05-19 12:21:03.235966,R2-Branch,Bangalore,Interface Down,Major,44,32,2.19,76,21.9
2026-05-19 12:26:03.235966,SW1-Access,Pune,High CPU Usage,Warning,28,50,2.98,78,29.8
2026-05-19 12:31:03.235966,R1-Core,Mumbai,High CPU Usage,Warning,65,69,4.76,134,47.6
2026-05-19 12:36:03.235966,R2-Branch,Bangalore,Interface Down,Major,74,61,3.43,135,34.3
2026-05-19 12:41:03.235966,R1-Core,Bangalore,High CPU Usage,Warning,47,40,2.37,87,23.7
2026-05-19 12:46:03.235966,SW1-Access,Mumbai,Packet Loss,Warning,58,49,2.16,107,21.6
2026-05-19 12:51:03.235966,R1-Core,Pune,Route Flapping,Warning,58,46,0.57,104,5.7
2026-05-19 12:56:03.235966,SW1-Access,Mumbai,Interface Down,Major,85,62,5.47,147,54.7
2026-05-19 13:01:03.235966,FW1-Perimeter,Mumbai,High CPU Usage,Warning,20,41,2.8,61,28.0
2026-05-19 13:06:03.235966,SW2-Distribution,Bangalore,Latency Spike,Warning,31,54,1.41,85,14.1
2026-05-19 13:11:03.235966,R1-Core,Mumbai,Interface Down,Warning,20,38,0.65,58,6.5
2026-05-19 13:16:03.235966,SW2-Distribution,Pune,BGP Neighbor Down,Major,76,79,5.08,155,50.8
2026-05-19 13:21:03.235966,FW1-Perimeter,Delhi,High CPU Usage,Warning,39,32,1.53,71,15.3
2026-05-19 13:26:03.235966,R2-Branch,Pune,BGP Neighbor Down,Major,60,54,2.5,114,25.0
2026-05-19 13:31:03.235966,SW1-Access,Bangalore,Route Flapping,Warning,67,56,4.22,123,42.2
2026-05-19 13:36:03.235966,R1-Core,Bangalore,BGP Neighbor Down,Major,61,64,6.33,125,63.3
2026-05-19 13:41:03.235966,R1-Core,Mumbai,Packet Loss,Warning,82,55,3.82,137,38.2
2026-05-19 13:46:03.235966,FW1-Perimeter,Pune,Packet Loss,Warning,28,53,2.34,81,23.4
2026-05-19 13:51:03.235966,R1-Core,Mumbai,Packet Loss,Warning,47,38,1.57,85,15.7
2026-05-19 13:56:03.235966,FW1-Perimeter,Mumbai,Latency Spike,Warning,52,41,0.17,93,1.7
2026-05-19 14:01:03.235966,FW1-Perimeter,Delhi,Memory Utilization High,Warning,36,54,0.31,90,3.1
2026-05-19 14:06:03.235966,R1-Core,Delhi,Interface Down,Major,60,56,7.29,116,72.9
2026-05-19 14:11:03.235966,SW2-Distribution,Pune,Latency Spike,Warning,29,35,2.79,64,27.9
2026-05-19 14:16:03.235966,R1-Core,Bangalore,Packet Loss,Warning,35,43,2.75,78,27.5
2026-05-19 14:21:03.235966,SW1-Access,Mumbai,Interface Down,Major,27,46,2.02,73,20.2
2026-05-19 14:26:03.235966,FW1-Perimeter,Mumbai,Route Flapping,Critical,87,94,14.06,181,140.6
2026-05-19 14:31:03.235966,SW1-Access,Mumbai,Memory Utilization High,Warning,20,41,0.6,61,6.0
2026-05-19 14:36:03.235966,SW1-Access,Delhi,Latency Spike,Warning,57,45,2.99,102,29.9
2026-05-19 14:41:03.235966,R2-Branch,Delhi,Packet Loss,Warning,46,30,0.7,76,7.0
2026-05-19 14:46:03.235966,R1-Core,Pune,Interface Down,Major,44,53,2.18,97,21.8
2026-05-19 14:51:03.235966,R2-Branch,Bangalore,Interface Down,Major,23,34,2.13,57,21.3
2026-05-19 14:56:03.235966,R2-Branch,Bangalore,Interface Down,Major,71,69,7.87,140,78.7
2026-05-19 15:01:03.235966,FW1-Perimeter,Delhi,Interface Down,Major,72,57,5.96,129,59.6
2026-05-19 15:06:03.235966,R2-Branch,Delhi,Latency Spike,Warning,40,55,1.18,95,11.8
2026-05-19 15:11:03.235966,SW1-Access,Pune,High CPU Usage,Warning,34,32,2.83,66,28.3
2026-05-19 15:16:03.235966,FW1-Perimeter,Mumbai,Route Flapping,Warning,30,44,1.4,74,14.0
2026-05-19 15:21:03.235966,R1-Core,Pune,Route Flapping,Critical,91,94,10.16,185,101.6
2026-05-19 15:26:03.235966,R1-Core,Mumbai,Interface Down,Major,39,52,2.09,91,20.9
2026-05-19 15:31:03.235966,SW1-Access,Delhi,Interface Down,Major,35,41,1.19,76,11.9
2026-05-19 15:36:03.235966,SW1-Access,Delhi,Memory Utilization High,Warning,45,44,1.67,89,16.7
2026-05-19 15:41:03.235966,R2-Branch,Mumbai,Latency Spike,Warning,28,33,0.04,61,0.4
2026-05-19 15:46:03.235966,R2-Branch,Delhi,BGP Neighbor Down,Major,45,41,2.06,86,20.6
2026-05-19 15:51:03.235966,FW1-Perimeter,Pune,Packet Loss,Major,87,80,14.98,167,149.8
2026-05-19 15:56:03.235966,SW2-Distribution,Delhi,Route Flapping,Warning,41,33,0.13,74,1.3
2026-05-19 16:01:03.235966,R1-Core,Delhi,Route Flapping,Critical,98,92,11.47,190,114.7
2026-05-19 16:06:03.235966,SW2-Distribution,Delhi,High CPU Usage,Warning,31,38,0.84,69,8.4
2026-05-19 16:11:03.235966,R1-Core,Delhi,Route Flapping,Warning,75,68,7.41,143,74.1
2026-05-19 16:16:03.235966,R1-Core,Mumbai,Latency Spike,Warning,28,43,0.6,71,6.0
2026-05-19 16:21:03.235966,FW1-Perimeter,Delhi,Route Flapping,Warning,85,72,6.97,157,69.7
2026-05-19 16:26:03.235966,SW1-Access,Bangalore,Memory Utilization High,Warning,51,41,2.74,92,27.4
2026-05-19 16:31:03.235966,SW1-Access,Bangalore,Interface Down,Warning,21,40,1.79,61,17.9
2026-05-19 16:36:03.235966,SW1-Access,Mumbai,Memory Utilization High,Warning,75,71,4.79,146,47.9
2026-05-19 16:41:03.235966,R2-Branch,Delhi,Latency Spike,Warning,35,38,1.6,73,16.0
2026-05-19 16:46:03.235966,R1-Core,Delhi,Latency Spike,Warning,44,41,2.81,85,28.1
2026-05-19 16:51:03.235966,R2-Branch,Delhi,Packet Loss,Warning,40,55,2.21,95,22.1
2026-05-19 16:56:03.235966,FW1-Perimeter,Mumbai,Memory Utilization High,Warning,71,73,5.82,144,58.2
2026-05-19 17:01:03.235966,R2-Branch,Bangalore,Interface Down,Major,31,45,0.11,76,1.1
2026-05-19 17:06:03.235966,R2-Branch,Mumbai,High CPU Usage,Warning,20,40,2.75,60,27.5
2026-05-19 17:11:03.235966,R2-Branch,Pune,High CPU Usage,Warning,85,65,3.3,150,33.0
2026-05-19 17:16:03.235966,FW1-Perimeter,Delhi,Packet Loss,Warning,76,66,7.8,142,78.0
2026-05-19 17:21:03.235966,SW2-Distribution,Mumbai,BGP Neighbor Down,Warning,40,34,2.93,74,29.3
2026-05-19 17:26:03.235966,SW2-Distribution,Pune,Memory Utilization High,Warning,55,52,2.67,107,26.7
2026-05-19 17:31:03.235966,SW1-Access,Delhi,BGP Neighbor Down,Major,65,67,4.53,132,45.3
2026-05-19 17:36:03.235966,R2-Branch,Mumbai,Memory Utilization High,Major,97,81,9.27,178,92.7
2026-05-19 17:41:03.235966,FW1-Perimeter,Delhi,BGP Neighbor Down,Major,63,70,3.7,133,37.0
2026-05-19 17:46:03.235966,SW1-Access,Pune,BGP Neighbor Down,Warning,25,52,2.01,77,20.1
2026-05-19 17:51:03.235966,SW2-Distribution,Mumbai,Packet Loss,Warning,35,52,0.2,87,2.0
2026-05-19 17:56:03.235966,R1-Core,Mumbai,High CPU Usage,Warning,48,53,1.26,101,12.6
2026-05-19 18:01:03.235966,SW2-Distribution,Bangalore,Memory Utilization High,Critical,96,92,8.71,188,87.1
2026-05-19 18:06:03.235966,FW1-Perimeter,Delhi,Packet Loss,Warning,24,55,2.54,79,25.4
2026-05-19 18:11:03.235966,R1-Core,Pune,Route Flapping,Warning,26,32,1.03,58,10.3
2026-05-19 18:16:03.235966,R2-Branch,Mumbai,Memory Utilization High,Warning,25,40,1.78,65,17.8
2026-05-19 18:21:03.235966,SW2-Distribution,Mumbai,High CPU Usage,Warning,30,49,2.67,79,26.7
2026-05-19 18:26:03.235966,R1-Core,Mumbai,BGP Neighbor Down,Warning,32,43,2.09,75,20.9
2026-05-19 18:31:03.235966,FW1-Perimeter,Pune,Route Flapping,Warning,69,62,3.48,131,34.8
2026-05-19 18:36:03.235966,FW1-Perimeter,Bangalore,Packet Loss,Warning,43,30,1.28,73,12.8
2026-05-19 18:41:03.235966,FW1-Perimeter,Bangalore,Packet Loss,Warning,21,36,0.51,57,5.1
2026-05-19 18:46:03.235966,R1-Core,Bangalore,Route Flapping,Warning,69,80,4.99,149,49.9
2026-05-19 18:51:03.235966,SW1-Access,Mumbai,Route Flapping,Warning,72,60,4.86,132,48.6
2026-05-19 18:56:03.235966,SW1-Access,Delhi,High CPU Usage,Warning,36,44,1.4,80,14.0
2026-05-19 19:01:03.235966,SW1-Access,Mumbai,Latency Spike,Warning,26,32,2.0,58,20.0
2026-05-19 19:06:03.235966,FW1-Perimeter,Bangalore,BGP Neighbor Down,Critical,92,81,13.89,173,138.9
2026-05-19 19:11:03.235966,SW2-Distribution,Bangalore,Route Flapping,Warning,35,45,0.9,80,9.0
2026-05-19 19:16:03.235966,R1-Core,Delhi,High CPU Usage,Warning,48,35,2.85,83,28.5
2026-05-19 19:21:03.235966,R2-Branch,Delhi,Route Flapping,Warning,47,32,2.96,79,29.6
2026-05-19 19:26:03.235966,R2-Branch,Delhi,Latency Spike,Warning,68,65,7.55,133,75.5
2026-05-19 19:31:03.235966,R1-Core,Mumbai,Packet Loss,Warning,45,47,0.98,92,9.8
2026-05-19 19:36:03.235966,FW1-Perimeter,Bangalore,High CPU Usage,Major,85,93,8.79,178,87.9
2026-05-19 19:41:03.235966,FW1-Perimeter,Mumbai,Route Flapping,Critical,88,89,14.07,177,140.7
2026-05-19 19:46:03.235966,SW2-Distribution,Pune,Interface Down,Major,51,48,1.83,99,18.3
2026-05-19 19:51:03.235966,SW2-Distribution,Delhi,Route Flapping,Warning,81,77,5.01,158,50.1
2026-05-19 19:56:03.235966,SW1-Access,Delhi,Interface Down,Major,50,38,2.69,88,26.9
2026-05-19 20:01:03.235966,SW1-Access,Pune,Latency Spike,Warning,51,52,2.05,103,20.5
2026-05-19 20:06:03.235966,R2-Branch,Delhi,Packet Loss,Warning,48,54,2.48,102,24.8
2026-05-19 20:11:03.235966,SW2-Distribution,Mumbai,Latency Spike,Warning,33,43,2.22,76,22.2
2026-05-19 20:16:03.235966,FW1-Perimeter,Pune,Packet Loss,Warning,76,80,3.79,156,37.9
2026-05-19 20:21:03.235966,FW1-Perimeter,Bangalore,High CPU Usage,Warning,53,48,0.09,101,0.9
2026-05-19 20:26:03.235966,R2-Branch,Mumbai,BGP Neighbor Down,Major,49,31,2.75,80,27.5
2026-05-19 20:31:03.235966,SW1-Access,Bangalore,High CPU Usage,Warning,60,33,2.04,93,20.4
2026-05-19 20:36:03.235966,SW1-Access,Bangalore,Packet Loss,Warning,31,45,1.76,76,17.6
2026-05-19 20:41:03.235966,SW1-Access,Delhi,Interface Down,Major,68,78,7.15,146,71.5
2026-05-19 20:46:03.235966,SW2-Distribution,Mumbai,Latency Spike,Warning,56,54,2.89,110,28.9
2026-05-19 20:51:03.235966,R2-Branch,Delhi,Interface Down,Warning,68,75,5.05,143,50.5
2026-05-19 20:56:03.235966,R1-Core,Bangalore,Memory Utilization High,Warning,90,80,9.57,170,95.7
2026-05-19 21:01:03.235966,SW1-Access,Pune,High CPU Usage,Warning,44,41,1.38,85,13.8
2026-05-19 21:06:03.235966,SW2-Distribution,Pune,Interface Down,Major,79,67,5.92,146,59.2
2026-05-19 21:11:03.235966,SW1-Access,Pune,Packet Loss,Warning,26,45,0.19,71,1.9
2026-05-19 21:16:03.235966,SW1-Access,Pune,Latency Spike,Warning,39,36,0.45,75,4.5
2026-05-19 21:21:03.235966,R2-Branch,Mumbai,BGP Neighbor Down,Major,85,80,6.0,165,60.0
2026-05-19 21:26:03.235966,R2-Branch,Mumbai,Route Flapping,Warning,69,63,7.53,132,75.3
2026-05-19 21:31:03.235966,SW2-Distribution,Mumbai,BGP Neighbor Down,Major,56,36,1.03,92,10.3
2026-05-19 21:36:03.235966,FW1-Perimeter,Bangalore,BGP Neighbor Down,Critical,96,89,13.92,185,139.2
2026-05-19 21:41:03.235966,FW1-Perimeter,Delhi,BGP Neighbor Down,Warning,50,34,2.22,84,22.2
2026-05-19 21:46:03.235966,R2-Branch,Pune,Latency Spike,Warning,67,66,4.12,133,41.2
2026-05-19 21:51:03.235966,SW1-Access,Bangalore,Packet Loss,Warning,70,66,4.3,136,43.0
2026-05-19 21:56:03.235966,SW2-Distribution,Mumbai,Memory Utilization High,Warning,60,48,1.74,108,17.4
2026-05-19 22:01:03.235966,R1-Core,Bangalore,Route Flapping,Critical,88,92,11.71,180,117.1
2026-05-19 22:06:03.235966,R1-Core,Delhi,Memory Utilization High,Warning,32,40,1.23,72,12.3
2026-05-19 22:11:03.235966,SW2-Distribution,Delhi,Packet Loss,Warning,31,54,0.24,85,2.4
2026-05-19 22:16:03.235966,R2-Branch,Pune,Latency Spike,Warning,60,69,4.37,129,43.7
2026-05-19 22:21:03.235966,R2-Branch,Delhi,BGP Neighbor Down,Major,25,34,1.84,59,18.4
2026-05-19 22:26:03.235966,SW2-Distribution,Bangalore,Packet Loss,Warning,22,47,0.6,69,6.0
2026-05-19 22:31:03.235966,R1-Core,Pune,Interface Down,Major,76,61,3.09,137,30.9
2026-05-19 22:36:03.235966,R2-Branch,Delhi,Route Flapping,Warning,71,64,3.64,135,36.4
2026-05-19 22:41:03.235966,FW1-Perimeter,Pune,Route Flapping,Warning,22,39,2.85,61,28.5
2026-05-19 22:46:03.235966,FW1-Perimeter,Pune,Route Flapping,Warning,28,40,2.99,68,29.9
2026-05-19 22:51:03.235966,SW1-Access,Delhi,BGP Neighbor Down,Warning,45,30,0.69,75,6.9
2026-05-19 22:56:03.235966,R2-Branch,Mumbai,BGP Neighbor Down,Major,30,33,1.1,63,11.0
2026-05-19 23:01:03.235966,SW2-Distribution,Pune,Interface Down,Major,79,56,5.97,135,59.7
2026-05-19 23:06:03.235966,R1-Core,Mumbai,Memory Utilization High,Warning,73,69,4.9,142,49.0
2026-05-19 23:11:03.235966,SW1-Access,Bangalore,Interface Down,Major,66,77,6.43,143,64.3
2026-05-19 23:16:03.235966,R1-Core,Pune,Interface Down,Major,82,59,5.09,141,50.9
2026-05-19 23:21:03.235966,FW1-Perimeter,Mumbai,High CPU Usage,Warning,26,45,0.6,71,6.0
2026-05-19 23:26:03.235966,SW1-Access,Delhi,Memory Utilization High,Warning,46,39,0.48,85,4.8
2026-05-19 23:31:03.235966,SW2-Distribution,Delhi,Interface Down,Major,75,65,4.17,140,41.7
2026-05-19 23:36:03.235966,R1-Core,Bangalore,BGP Neighbor Down,Major,25,54,1.54,79,15.4
2026-05-19 23:41:03.235966,SW1-Access,Delhi,Interface Down,Warning,38,38,1.39,76,13.9
2026-05-19 23:46:03.235966,R1-Core,Pune,Interface Down,Warning,40,43,2.22,83,22.2
2026-05-19 23:51:03.235966,R1-Core,Mumbai,Route Flapping,Critical,90,90,10.5,180,105.0
2026-05-19 23:56:03.235966,FW1-Perimeter,Pune,Packet Loss,Critical,87,91,13.7,178,137.0
2026-05-20 00:01:03.235966,R1-Core,Bangalore,BGP Neighbor Down,Warning,49,38,2.51,87,25.1
2026-05-20 00:06:03.235966,SW2-Distribution,Delhi,Memory Utilization High,Warning,23,35,0.31,58,3.1
2026-05-20 00:11:03.235966,SW2-Distribution,Bangalore,Interface Down,Warning,44,54,1.08,98,10.8
2026-05-20 00:16:03.235966,R2-Branch,Bangalore,Packet Loss,Critical,88,93,11.08,181,110.8
2026-05-20 00:21:03.235966,SW1-Access,Pune,BGP Neighbor Down,Major,53,54,2.23,107,22.3
2026-05-20 00:26:03.235966,SW1-Access,Mumbai,BGP Neighbor Down,Major,35,45,1.04,80,10.4
2026-05-20 00:31:03.235966,R2-Branch,Mumbai,Latency Spike,Warning,30,46,2.55,76,25.5
2026-05-20 00:36:03.235966,SW2-Distribution,Delhi,Packet Loss,Warning,51,40,0.72,91,7.2
2026-05-20 00:41:03.235966,R1-Core,Delhi,Interface Down,Major,44,42,2.45,86,24.5
2026-05-20 00:46:03.235966,FW1-Perimeter,Bangalore,Route Flapping,Warning,51,44,0.95,95,9.5
2026-05-20 00:51:03.235966,R1-Core,Mumbai,Latency Spike,Warning,22,47,1.65,69,16.5
2026-05-20 00:56:03.235966,R1-Core,Pune,Route Flapping,Critical,91,94,14.65,185,146.5
2026-05-20 01:01:03.235966,R1-Core,Delhi,Memory Utilization High,Warning,70,72,6.84,142,68.4
2026-05-20 01:06:03.235966,SW2-Distribution,Pune,High CPU Usage,Warning,63,58,6.8,121,68.0
2026-05-20 01:11:03.235966,R1-Core,Pune,Memory Utilization High,Warning,60,55,0.88,115,8.8
2026-05-20 01:16:03.235966,SW1-Access,Mumbai,BGP Neighbor Down,Major,30,45,0.42,75,4.2
2026-05-20 01:21:03.235966,SW2-Distribution,Mumbai,Latency Spike,Warning,32,36,0.36,68,3.6
2026-05-20 01:26:03.235966,SW2-Distribution,Delhi,Latency Spike,Warning,32,52,1.01,84,10.1
2026-05-20 01:31:03.235966,SW2-Distribution,Mumbai,BGP Neighbor Down,Critical,88,94,11.2,182,112.0
2026-05-20 01:36:03.235966,FW1-Perimeter,Delhi,Route Flapping,Critical,85,81,11.87,166,118.7
2026-05-20 01:41:03.235966,SW2-Distribution,Delhi,Interface Down,Major,65,78,7.08,143,70.8
2026-05-20 01:46:03.235966,FW1-Perimeter,Pune,BGP Neighbor Down,Major,44,43,2.94,87,29.4
2026-05-20 01:51:03.235966,SW1-Access,Bangalore,Packet Loss,Critical,94,94,13.63,188,136.3
2026-05-20 01:56:03.235966,SW2-Distribution,Pune,Memory Utilization High,Warning,77,65,6.56,142,65.6
2026-05-20 02:01:03.235966,R2-Branch,Delhi,BGP Neighbor Down,Major,38,51,1.04,89,10.4
2026-05-20 02:06:03.235966,R2-Branch,Pune,Memory Utilization High,Warning,84,66,5.81,150,58.1
2026-05-20 02:11:03.235966,FW1-Perimeter,Bangalore,Route Flapping,Warning,77,64,7.39,141,73.9
2026-05-20 02:16:03.235966,R1-Core,Mumbai,High CPU Usage,Warning,29,31,2.01,60,20.1
2026-05-20 02:21:03.235966,SW1-Access,Delhi,BGP Neighbor Down,Critical,93,84,13.88,177,138.8
2026-05-20 02:26:03.235966,SW1-Access,Delhi,Interface Down,Major,61,66,7.07,127,70.7
2026-05-20 02:31:03.235966,FW1-Perimeter,Delhi,Latency Spike,Warning,77,67,4.19,144,41.9
2026-05-20 02:36:03.235966,SW1-Access,Mumbai,BGP Neighbor Down,Critical,97,93,14.7,190,147.0
2026-05-20 02:41:03.235966,SW1-Access,Mumbai,Latency Spike,Warning,36,36,1.86,72,18.6
2026-05-20 02:46:03.235966,SW2-Distribution,Delhi,Packet Loss,Critical,96,86,13.43,182,134.3
2026-05-20 02:51:03.235966,SW1-Access,Bangalore,BGP Neighbor Down,Major,24,35,2.89,59,28.9
2026-05-20 02:56:03.235966,SW2-Distribution,Mumbai,Memory Utilization High,Warning,55,38,0.39,93,3.9
2026-05-20 03:01:03.235966,SW1-Access,Mumbai,Packet Loss,Warning,29,31,0.46,60,4.6
2026-05-20 03:06:03.235966,FW1-Perimeter,Mumbai,Packet Loss,Warning,80,74,7.22,154,72.2
2026-05-20 03:11:03.235966,SW2-Distribution,Pune,High CPU Usage,Warning,40,46,0.66,86,6.6
2026-05-20 03:16:03.235966,FW1-Perimeter,Mumbai,Route Flapping,Warning,65,68,5.72,133,57.2
2026-05-20 03:21:03.235966,R1-Core,Pune,Packet Loss,Warning,33,51,1.0,84,10.0
2026-05-20 03:26:03.235966,SW1-Access,Delhi,Memory Utilization High,Critical,100,80,8.8,180,88.0
2026-05-20 03:31:03.235966,FW1-Perimeter,Delhi,Packet Loss,Critical,95,92,14.41,187,144.1
2026-05-20 03:36:03.235966,SW2-Distribution,Pune,Latency Spike,Warning,38,30,2.73,68,27.3
2026-05-20 03:41:03.235966,SW1-Access,Bangalore,Memory Utilization High,Warning,38,50,0.58,88,5.8
2026-05-20 03:46:03.235966,R1-Core,Mumbai,Interface Down,Major,54,47,0.02,101,0.2
2026-05-20 03:51:03.235966,R2-Branch,Bangalore,BGP Neighbor Down,Major,66,72,7.14,138,71.4
2026-05-20 03:56:03.235966,R1-Core,Delhi,Interface Down,Major,41,31,0.26,72,2.6
2026-05-20 04:01:03.235966,SW1-Access,Mumbai,Route Flapping,Warning,34,38,1.22,72,12.2
2026-05-20 04:06:03.235966,SW2-Distribution,Bangalore,Interface Down,Major,44,51,0.35,95,3.5
2026-05-20 04:11:03.235966,FW1-Perimeter,Mumbai,Interface Down,Major,78,56,6.5,134,65.0
2026-05-20 04:16:03.235966,FW1-Perimeter,Mumbai,Latency Spike,Warning,39,49,0.26,88,2.6
2026-05-20 04:21:03.235966,SW2-Distribution,Bangalore,High CPU Usage,Warning,21,45,0.47,66,4.7
2026-05-20 04:26:03.235966,R2-Branch,Bangalore,High CPU Usage,Warning,77,64,7.8,141,78.0
2026-05-20 04:31:03.235966,SW1-Access,Pune,Interface Down,Critical,85,84,8.86,169,88.6
2026-05-20 04:36:03.235966,SW2-Distribution,Mumbai,BGP Neighbor Down,Warning,42,36,1.24,78,12.4
2026-05-20 04:41:03.235966,R2-Branch,Delhi,High CPU Usage,Warning,59,38,0.58,97,5.8
2026-05-20 04:46:03.235966,FW1-Perimeter,Mumbai,Packet Loss,Critical,99,82,10.03,181,100.3
2026-05-20 04:51:03.235966,SW1-Access,Mumbai,Packet Loss,Warning,57,45,2.85,102,28.5
2026-05-20 04:56:03.235966,R2-Branch,Delhi,Packet Loss,Warning,59,32,2.7,91,27.0
2026-05-20 05:01:03.235966,SW2-Distribution,Bangalore,Memory Utilization High,Warning,39,52,1.75,91,17.5
2026-05-20 05:06:03.235966,FW1-Perimeter,Pune,High CPU Usage,Warning,73,60,3.02,133,30.2
2026-05-20 05:11:03.235966,R2-Branch,Bangalore,Packet Loss,Warning,43,34,2.04,77,20.4
2026-05-20 05:16:03.235966,SW2-Distribution,Bangalore,High CPU Usage,Warning,39,45,1.66,84,16.6
2026-05-20 05:21:03.235966,FW1-Perimeter,Mumbai,BGP Neighbor Down,Warning,64,72,3.98,136,39.8
2026-05-20 05:26:03.235966,R1-Core,Mumbai,Packet Loss,Major,85,92,13.38,177,133.8
2026-05-20 05:31:03.235966,FW1-Perimeter,Pune,High CPU Usage,Warning,54,45,1.96,99,19.6
2026-05-20 05:36:03.235966,SW1-Access,Bangalore,High CPU Usage,Warning,57,53,2.57,110,25.7
2026-05-20 05:41:03.235966,SW2-Distribution,Mumbai,Latency Spike,Warning,52,30,1.99,82,19.9
2026-05-20 05:46:03.235966,FW1-Perimeter,Delhi,Memory Utilization High,Warning,64,69,3.8,133,38.0
2026-05-20 05:51:03.235966,FW1-Perimeter,Delhi,Latency Spike,Warning,75,66,3.2,141,32.0
2026-05-20 05:56:03.235966,SW2-Distribution,Delhi,High CPU Usage,Warning,43,37,0.13,80,1.3
2026-05-20 06:01:03.235966,FW1-Perimeter,Pune,BGP Neighbor Down,Major,49,31,0.12,80,1.2
2026-05-20 06:06:03.235966,FW1-Perimeter,Pune,High CPU Usage,Warning,68,73,5.72,141,57.2
2026-05-20 06:11:03.235966,SW2-Distribution,Bangalore,High CPU Usage,Warning,24,46,0.75,70,7.5
2026-05-20 06:16:03.235966,FW1-Perimeter,Bangalore,Memory Utilization High,Warning,42,45,2.38,87,23.8
2026-05-20 06:21:03.235966,R1-Core,Delhi,Packet Loss,Warning,34,32,1.54,66,15.4
2026-05-20 06:26:03.235966,R2-Branch,Delhi,Interface Down,Major,43,49,2.15,92,21.5
2026-05-20 06:31:03.235966,SW2-Distribution,Pune,High CPU Usage,Warning,75,76,5.39,151,53.9
2026-05-20 06:36:03.235966,FW1-Perimeter,Delhi,High CPU Usage,Warning,73,55,4.22,128,42.2
2026-05-20 06:41:03.235966,FW1-Perimeter,Delhi,High CPU Usage,Warning,52,31,2.67,83,26.7
2026-05-20 06:46:03.235966,R1-Core,Delhi,Memory Utilization High,Warning,31,46,2.87,77,28.7
2026-05-20 06:51:03.235966,FW1-Perimeter,Mumbai,Memory Utilization High,Major,94,82,9.52,176,95.2
2026-05-20 06:56:03.235966,R2-Branch,Delhi,Latency Spike,Warning,79,59,6.97,138,69.7
2026-05-20 07:01:03.235966,R2-Branch,Pune,Interface Down,Major,41,44,1.79,85,17.9
2026-05-20 07:06:03.235966,SW2-Distribution,Delhi,Memory Utilization High,Warning,32,46,2.58,78,25.8
2026-05-20 07:11:03.235966,SW2-Distribution,Delhi,Memory Utilization High,Warning,65,70,7.51,135,75.1
2026-05-20 07:16:03.235966,R1-Core,Mumbai,Interface Down,Warning,28,49,1.62,77,16.2
2026-05-20 07:21:03.235966,SW2-Distribution,Bangalore,High CPU Usage,Warning,22,52,1.59,74,15.9
2026-05-20 07:26:03.235966,SW2-Distribution,Bangalore,Packet Loss,Warning,56,33,1.28,89,12.8
2026-05-20 07:31:03.235966,SW2-Distribution,Delhi,BGP Neighbor Down,Critical,87,89,12.19,176,121.9
2026-05-20 07:36:03.235966,SW2-Distribution,Pune,Memory Utilization High,Warning,20,48,1.57,68,15.7
2026-05-20 07:41:03.235966,R1-Core,Bangalore,Packet Loss,Warning,82,80,4.58,162,45.8
2026-05-20 07:46:03.235966,R1-Core,Delhi,Memory Utilization High,Warning,57,38,0.78,95,7.8
2026-05-20 07:51:03.235966,SW2-Distribution,Pune,Route Flapping,Warning,81,67,6.77,148,67.7
2026-05-20 07:56:03.235966,FW1-Perimeter,Bangalore,Packet Loss,Warning,55,47,1.45,102,14.5
2026-05-20 08:01:03.235966,FW1-Perimeter,Pune,Latency Spike,Warning,72,78,3.69,150,36.9
2026-05-20 08:06:03.235966,R1-Core,Delhi,Route Flapping,Warning,30,33,0.64,63,6.4
2026-05-20 08:11:03.235966,SW1-Access,Mumbai,Latency Spike,Warning,60,30,2.41,90,24.1
2026-05-20 08:16:03.235966,R2-Branch,Bangalore,High CPU Usage,Critical,98,82,8.45,180,84.5
2026-05-20 08:21:03.235966,FW1-Perimeter,Mumbai,Packet Loss,Warning,72,74,6.28,146,62.8
2026-05-20 08:26:03.235966,FW1-Perimeter,Mumbai,Packet Loss,Critical,90,95,11.07,185,110.7
2026-05-20 08:31:03.235966,FW1-Perimeter,Pune,High CPU Usage,Warning,58,46,1.55,104,15.5
2026-05-20 08:36:03.235966,FW1-Perimeter,Delhi,High CPU Usage,Warning,71,62,6.28,133,62.8
2026-05-20 08:41:03.235966,R1-Core,Pune,Memory Utilization High,Warning,71,76,4.98,147,49.8
2026-05-20 08:46:03.235966,R2-Branch,Mumbai,BGP Neighbor Down,Warning,62,57,5.75,119,57.5
2026-05-20 08:51:03.235966,FW1-Perimeter,Pune,High CPU Usage,Warning,37,37,1.82,74,18.2
2026-05-20 08:56:03.235966,SW2-Distribution,Bangalore,Interface Down,Major,36,35,1.22,71,12.2
2026-05-20 09:01:03.235966,FW1-Perimeter,Pune,Packet Loss,Warning,27,55,1.54,82,15.4
2026-05-20 09:06:03.235966,FW1-Perimeter,Pune,High CPU Usage,Warning,72,73,5.42,145,54.2
2026-05-20 09:11:03.235966,SW1-Access,Bangalore,Packet Loss,Warning,78,55,5.41,133,54.1
2026-05-20 09:16:03.235966,R1-Core,Bangalore,Latency Spike,Warning,67,76,6.51,143,65.1
2026-05-20 09:21:03.235966,SW1-Access,Bangalore,Interface Down,Critical,85,88,9.74,173,97.4
2026-05-20 09:26:03.235966,SW1-Access,Mumbai,High CPU Usage,Warning,31,45,0.94,76,9.4
2026-05-20 09:31:03.235966,FW1-Perimeter,Pune,High CPU Usage,Warning,32,45,2.21,77,22.1
2026-05-20 09:36:03.235966,R2-Branch,Pune,Packet Loss,Warning,32,37,2.51,69,25.1
2026-05-20 09:41:03.235966,R2-Branch,Mumbai,Route Flapping,Warning,25,51,2.87,76,28.7
2026-05-20 09:46:03.235966,FW1-Perimeter,Mumbai,Packet Loss,Warning,77,56,7.24,133,72.4
2026-05-20 09:51:03.235966,FW1-Perimeter,Pune,Latency Spike,Warning,56,38,1.47,94,14.7
2026-05-20 09:56:03.235966,FW1-Perimeter,Pune,Latency Spike,Warning,56,34,0.16,90,1.6
2026-05-20 10:01:03.235966,SW2-Distribution,Bangalore,BGP Neighbor Down,Critical,86,91,10.76,177,107.6
2026-05-20 10:06:03.235966,R2-Branch,Bangalore,Packet Loss,Critical,99,90,12.82,189,128.2
2026-05-20 10:11:03.235966,R2-Branch,Bangalore,Packet Loss,Warning,40,41,1.84,81,18.4
2026-05-20 10:16:03.235966,R2-Branch,Pune,High CPU Usage,Warning,50,49,1.03,99,10.3
2026-05-20 10:21:03.235966,SW2-Distribution,Bangalore,Packet Loss,Warning,43,41,2.56,84,25.6
2026-05-20 10:26:03.235966,SW2-Distribution,Delhi,Interface Down,Major,56,51,0.69,107,6.9
2026-05-20 10:31:03.235966,R2-Branch,Bangalore,BGP Neighbor Down,Critical,91,84,13.6,175,136.0
2026-05-20 10:36:03.235966,R2-Branch,Bangalore,Latency Spike,Warning,65,68,5.5,133,55.0
2026-05-20 10:41:03.235966,FW1-Perimeter,Pune,Memory Utilization High,Warning,69,63,5.81,132,58.1
2026-05-20 10:46:03.235966,R1-Core,Bangalore,Packet Loss,Warning,30,31,0.65,61,6.5
2026-05-20 10:51:03.235966,SW2-Distribution,Mumbai,Memory Utilization High,Warning,41,38,1.08,79,10.8
2026-05-20 10:56:03.235966,FW1-Perimeter,Pune,BGP Neighbor Down,Warning,46,33,1.05,79,10.5
2026-05-20 11:01:03.235966,R2-Branch,Delhi,BGP Neighbor Down,Critical,94,91,10.28,185,102.8
2026-05-20 11:06:03.235966,SW2-Distribution,Bangalore,Packet Loss,Critical,97,89,11.25,186,112.5
2026-05-20 11:11:03.235966,R2-Branch,Pune,Interface Down,Major,59,48,1.21,107,12.1
2026-05-20 11:16:03.235966,SW1-Access,Delhi,BGP Neighbor Down,Major,38,52,0.8,90,8.0
2026-05-20 11:21:03.235966,SW2-Distribution,Pune,High CPU Usage,Warning,76,69,5.07,145,50.7
2026-05-20 11:26:03.235966,R1-Core,Delhi,BGP Neighbor Down,Major,81,63,7.7,144,77.0
2026-05-20 11:31:03.235966,R2-Branch,Delhi,Route Flapping,Warning,26,32,2.81,58,28.1
2026-05-20 11:36:03.235966,FW1-Perimeter,Mumbai,Interface Down,Major,45,46,2.29,91,22.9
2026-05-20 11:41:03.235966,FW1-Perimeter,Delhi,BGP Neighbor Down,Major,44,39,0.69,83,6.9
2026-05-20 11:46:03.235966,R2-Branch,Delhi,Packet Loss,Warning,30,30,0.11,60,1.1
2026-05-20 11:51:03.235966,SW1-Access,Bangalore,High CPU Usage,Warning,54,38,1.65,92,16.5
2026-05-20 11:56:03.235966,FW1-Perimeter,Delhi,Memory Utilization High,Warning,49,50,2.25,99,22.5
2026-05-20 12:01:03.235966,SW2-Distribution,Pune,Route Flapping,Critical,100,87,13.63,187,136.3
2026-05-20 12:06:03.235966,SW1-Access,Pune,Memory Utilization High,Warning,29,39,0.03,68,0.3
2026-05-20 12:11:03.235966,R2-Branch,Pune,Route Flapping,Warning,54,30,2.06,84,20.6
2026-05-20 12:16:03.235966,SW2-Distribution,Pune,High CPU Usage,Warning,47,55,0.88,102,8.8
2026-05-20 12:21:03.235966,R1-Core,Pune,High CPU Usage,Warning,55,43,1.18,98,11.8
2026-05-20 12:26:03.235966,SW2-Distribution,Bangalore,Memory Utilization High,Warning,25,43,1.88,68,18.8
2026-05-20 12:31:03.235966,FW1-Perimeter,Pune,High CPU Usage,Warning,54,55,0.81,109,8.1
2026-05-20 12:36:03.235966,R1-Core,Delhi,Route Flapping,Warning,27,50,1.37,77,13.7
2026-05-20 12:41:03.235966,SW1-Access,Bangalore,Memory Utilization High,Warning,21,34,0.15,55,1.5
2026-05-20 12:46:03.235966,R1-Core,Delhi,Memory Utilization High,Critical,94,88,8.88,182,88.8
2026-05-20 12:51:03.235966,R2-Branch,Mumbai,Packet Loss,Warning,51,36,1.03,87,10.3
2026-05-20 12:56:03.235966,SW2-Distribution,Pune,Latency Spike,Warning,22,40,0.24,62,2.4
2026-05-20 13:01:03.235966,R2-Branch,Mumbai,High CPU Usage,Warning,45,32,1.63,77,16.3
2026-05-20 13:06:03.235966,R2-Branch,Pune,BGP Neighbor Down,Major,60,58,7.87,118,78.7
2026-05-20 13:11:03.235966,SW2-Distribution,Delhi,Latency Spike,Warning,61,61,5.3,122,53.0
2026-05-20 13:16:03.235966,R1-Core,Delhi,BGP Neighbor Down,Major,39,40,0.48,79,4.8
2026-05-20 13:21:03.235966,FW1-Perimeter,Mumbai,Interface Down,Warning,60,39,0.6,99,6.0
2026-05-20 13:26:03.235966,R2-Branch,Mumbai,Latency Spike,Warning,47,40,0.05,87,0.5
2026-05-20 13:31:03.235966,SW1-Access,Mumbai,Memory Utilization High,Warning,35,30,2.91,65,29.1
2026-05-20 13:36:03.235966,SW2-Distribution,Delhi,Interface Down,Major,25,37,0.47,62,4.7
2026-05-20 13:41:03.235966,SW1-Access,Mumbai,Interface Down,Major,29,52,1.61,81,16.1
2026-05-20 13:46:03.235966,R2-Branch,Pune,Packet Loss,Critical,96,94,13.13,190,131.3
2026-05-20 13:51:03.235966,SW2-Distribution,Pune,Route Flapping,Warning,68,56,5.43,124,54.3
2026-05-20 13:56:03.235966,FW1-Perimeter,Pune,Memory Utilization High,Warning,51,36,1.7,87,17.0
2026-05-20 14:01:03.235966,SW1-Access,Pune,Memory Utilization High,Warning,68,74,7.57,142,75.7
2026-05-20 14:06:03.235966,R2-Branch,Mumbai,Memory Utilization High,Warning,48,39,2.46,87,24.6
2026-05-20 14:11:03.235966,SW1-Access,Bangalore,High CPU Usage,Warning,60,46,1.14,106,11.4
2026-05-20 14:16:03.235966,R1-Core,Pune,BGP Neighbor Down,Warning,67,65,6.61,132,66.1
2026-05-20 14:21:03.235966,SW2-Distribution,Delhi,Memory Utilization High,Warning,51,54,1.65,105,16.5
2026-05-20 14:26:03.235966,SW1-Access,Pune,BGP Neighbor Down,Major,40,33,0.29,73,2.9
2026-05-20 14:31:03.235966,R2-Branch,Delhi,Packet Loss,Critical,91,83,11.4,174,114.0
2026-05-20 14:36:03.235966,SW2-Distribution,Bangalore,High CPU Usage,Warning,57,38,0.15,95,1.5
2026-05-20 14:41:03.235966,FW1-Perimeter,Mumbai,Latency Spike,Warning,33,50,1.47,83,14.7
2026-05-20 14:46:03.235966,R1-Core,Bangalore,Route Flapping,Warning,61,66,5.79,127,57.9
2026-05-20 14:51:03.235966,SW1-Access,Mumbai,Interface Down,Warning,68,71,3.2,139,32.0
2026-05-20 14:56:03.235966,R1-Core,Delhi,BGP Neighbor Down,Critical,88,83,13.08,171,130.8
2026-05-20 15:01:03.235966,SW2-Distribution,Delhi,High CPU Usage,Warning,35,48,1.88,83,18.8
2026-05-20 15:06:03.235966,FW1-Perimeter,Bangalore,BGP Neighbor Down,Major,84,75,5.88,159,58.8
2026-05-20 15:11:03.235966,SW2-Distribution,Mumbai,Packet Loss,Warning,31,47,1.2,78,12.0
2026-05-20 15:16:03.235966,R2-Branch,Bangalore,Route Flapping,Critical,95,90,13.91,185,139.1
2026-05-20 15:21:03.235966,SW2-Distribution,Pune,Latency Spike,Warning,78,72,4.07,150,40.7
2026-05-20 15:26:03.235966,FW1-Perimeter,Pune,Interface Down,Major,48,44,2.88,92,28.8
2026-05-20 15:31:03.235966,SW1-Access,Mumbai,High CPU Usage,Warning,39,30,0.9,69,9.0
2026-05-20 15:36:03.235966,R2-Branch,Pune,Memory Utilization High,Warning,37,47,1.53,84,15.3
2026-05-20 15:41:03.235966,FW1-Perimeter,Delhi,Packet Loss,Warning,49,41,0.47,90,4.7
2026-05-20 15:46:03.235966,SW1-Access,Delhi,Memory Utilization High,Warning,39,32,1.71,71,17.1
2026-05-20 15:51:03.235966,R2-Branch,Mumbai,Latency Spike,Warning,85,70,3.86,155,38.6
2026-05-20 15:56:03.235966,FW1-Perimeter,Mumbai,Memory Utilization High,Warning,39,31,2.19,70,21.9
2026-05-20 16:01:03.235966,SW2-Distribution,Mumbai,Latency Spike,Warning,84,65,4.74,149,47.4
2026-05-20 16:06:03.235966,SW2-Distribution,Bangalore,BGP Neighbor Down,Critical,88,87,13.23,175,132.3
2026-05-20 16:11:03.235966,R1-Core,Bangalore,Memory Utilization High,Warning,53,31,0.96,84,9.6
2026-05-20 16:16:03.235966,R2-Branch,Pune,BGP Neighbor Down,Warning,34,34,0.15,68,1.5
2026-05-20 16:21:03.235966,SW2-Distribution,Mumbai,High CPU Usage,Warning,38,55,1.18,93,11.8
2026-05-20 16:26:03.235966,SW1-Access,Mumbai,Interface Down,Major,23,47,1.2,70,12.0
2026-05-20 16:31:03.235966,SW2-Distribution,Delhi,Route Flapping,Warning,75,72,3.99,147,39.9
2026-05-20 16:36:03.235966,FW1-Perimeter,Delhi,Packet Loss,Warning,53,37,0.73,90,7.3
2026-05-20 16:41:03.235966,SW2-Distribution,Pune,Route Flapping,Warning,78,57,3.56,135,35.6
2026-05-20 16:46:03.235966,SW2-Distribution,Pune,Interface Down,Major,40,41,1.78,81,17.8
2026-05-20 16:51:03.235966,R2-Branch,Pune,Route Flapping,Warning,85,69,6.12,154,61.2
2026-05-20 16:56:03.235966,R1-Core,Delhi,Latency Spike,Warning,43,34,2.27,77,22.7
2026-05-20 17:01:03.235966,R1-Core,Mumbai,Latency Spike,Warning,67,74,7.63,141,76.3
2026-05-20 17:06:03.235966,SW1-Access,Mumbai,Interface Down,Major,27,39,1.35,66,13.5
2026-05-20 17:11:03.235966,FW1-Perimeter,Delhi,Route Flapping,Warning,53,54,0.78,107,7.8
2026-05-20 17:16:03.235966,FW1-Perimeter,Delhi,BGP Neighbor Down,Major,81,55,4.88,136,48.8
2026-05-20 17:21:03.235966,SW1-Access,Delhi,Packet Loss,Warning,32,55,2.09,87,20.9
2026-05-20 17:26:03.235966,R1-Core,Bangalore,Packet Loss,Warning,60,57,4.94,117,49.4
2026-05-20 17:31:03.235966,SW1-Access,Mumbai,Memory Utilization High,Warning,44,37,2.94,81,29.4
2026-05-20 17:36:03.235966,R1-Core,Pune,High CPU Usage,Warning,58,47,0.26,105,2.6
2026-05-20 17:41:03.235966,FW1-Perimeter,Bangalore,Memory Utilization High,Warning,21,31,0.74,52,7.4
2026-05-20 17:46:03.235966,SW1-Access,Pune,Packet Loss,Warning,30,30,1.04,60,10.4
2026-05-20 17:51:03.235966,SW1-Access,Pune,BGP Neighbor Down,Major,52,38,2.44,90,24.4
2026-05-20 17:56:03.235966,SW2-Distribution,Mumbai,Memory Utilization High,Critical,93,87,9.06,180,90.6
2026-05-20 18:01:03.235966,R1-Core,Bangalore,Route Flapping,Warning,59,50,2.06,109,20.6
2026-05-20 18:06:03.235966,R2-Branch,Delhi,Memory Utilization High,Warning,39,49,0.99,88,9.9
2026-05-20 18:11:03.235966,R2-Branch,Delhi,High CPU Usage,Warning,78,72,6.42,150,64.2
2026-05-20 18:16:03.235966,R2-Branch,Pune,Latency Spike,Warning,76,59,5.15,135,51.5
2026-05-20 18:21:03.235966,R2-Branch,Delhi,Interface Down,Major,55,47,2.85,102,28.5
2026-05-20 18:26:03.235966,R2-Branch,Mumbai,BGP Neighbor Down,Warning,73,68,4.52,141,45.2
2026-05-20 18:31:03.235966,SW1-Access,Delhi,Latency Spike,Warning,63,59,3.92,122,39.2
2026-05-20 18:36:03.235966,FW1-Perimeter,Pune,High CPU Usage,Warning,79,62,5.98,141,59.8
2026-05-20 18:41:03.235966,R1-Core,Pune,Memory Utilization High,Warning,50,34,1.51,84,15.1
2026-05-20 18:46:03.235966,SW2-Distribution,Pune,High CPU Usage,Warning,44,45,1.42,89,14.2
2026-05-20 18:51:03.235966,R2-Branch,Delhi,High CPU Usage,Warning,20,38,2.85,58,28.5
2026-05-20 18:56:03.235966,R2-Branch,Delhi,Packet Loss,Warning,48,49,1.47,97,14.7
2026-05-20 19:01:03.235966,SW2-Distribution,Delhi,Route Flapping,Warning,22,49,2.21,71,22.1
2026-05-20 19:06:03.235966,SW1-Access,Bangalore,Memory Utilization High,Warning,83,73,5.97,156,59.7
2026-05-20 19:11:03.235966,R1-Core,Mumbai,Route Flapping,Warning,22,37,1.56,59,15.6
2026-05-20 19:16:03.235966,R1-Core,Bangalore,Route Flapping,Warning,60,31,0.57,91,5.7
2026-05-20 19:21:03.235966,SW2-Distribution,Pune,Packet Loss,Warning,69,69,3.83,138,38.3
2026-05-20 19:26:03.235966,FW1-Perimeter,Mumbai,Route Flapping,Warning,64,69,7.15,133,71.5
2026-05-20 19:31:03.235966,R1-Core,Mumbai,Route Flapping,Warning,57,52,1.64,109,16.4
2026-05-20 19:36:03.235966,SW2-Distribution,Pune,BGP Neighbor Down,Warning,31,44,1.77,75,17.7
2026-05-20 19:41:03.235966,SW2-Distribution,Mumbai,Interface Down,Major,30,52,2.2,82,22.0
2026-05-20 19:46:03.235966,SW2-Distribution,Pune,Memory Utilization High,Warning,44,53,2.37,97,23.7
2026-05-20 19:51:03.235966,FW1-Perimeter,Delhi,Packet Loss,Warning,44,31,2.3,75,23.0
2026-05-20 19:56:03.235966,FW1-Perimeter,Delhi,Interface Down,Major,29,35,2.31,64,23.1
2026-05-20 20:01:03.235966,SW1-Access,Bangalore,High CPU Usage,Warning,31,33,2.7,64,27.0
2026-05-20 20:06:03.235966,R1-Core,Pune,Interface Down,Major,51,45,1.63,96,16.3
2026-05-20 20:11:03.235966,SW2-Distribution,Delhi,Interface Down,Major,50,44,1.23,94,12.3
2026-05-20 20:16:03.235966,R1-Core,Delhi,High CPU Usage,Critical,93,86,8.34,179,83.4
2026-05-20 20:21:03.235966,SW1-Access,Mumbai,Memory Utilization High,Warning,22,51,1.73,73,17.3
2026-05-20 20:26:03.235966,SW1-Access,Pune,Packet Loss,Critical,86,83,10.92,169,109.2
2026-05-20 20:31:03.235966,SW1-Access,Delhi,Memory Utilization High,Critical,96,81,8.65,177,86.5
2026-05-20 20:36:03.235966,SW2-Distribution,Mumbai,High CPU Usage,Warning,77,57,4.46,134,44.6
2026-05-20 20:41:03.235966,R1-Core,Pune,High CPU Usage,Warning,46,46,0.63,92,6.3
2026-05-20 20:46:03.235966,FW1-Perimeter,Mumbai,Route Flapping,Warning,60,46,2.96,106,29.6
2026-05-20 20:51:03.235966,FW1-Perimeter,Pune,Memory Utilization High,Warning,40,38,1.58,78,15.8
2026-05-20 20:56:03.235966,SW1-Access,Delhi,Route Flapping,Warning,75,71,6.65,146,66.5
2026-05-20 21:01:03.235966,SW2-Distribution,Delhi,Packet Loss,Critical,92,89,14.85,181,148.5
2026-05-20 21:06:03.235966,SW2-Distribution,Mumbai,Route Flapping,Warning,66,80,6.08,146,60.8
2026-05-20 21:11:03.235966,SW2-Distribution,Mumbai,Interface Down,Major,55,55,1.91,110,19.1
2026-05-20 21:16:03.235966,SW1-Access,Pune,Packet Loss,Warning,69,64,5.53,133,55.3
2026-05-20 21:21:03.235966,R1-Core,Mumbai,Memory Utilization High,Warning,70,67,6.62,137,66.2
2026-05-20 21:26:03.235966,R1-Core,Delhi,Route Flapping,Warning,41,51,1.44,92,14.4
2026-05-20 21:31:03.235966,R1-Core,Delhi,Memory Utilization High,Warning,60,44,2.68,104,26.8
2026-05-20 21:36:03.235966,SW1-Access,Bangalore,Memory Utilization High,Warning,73,78,3.28,151,32.8
2026-05-20 21:41:03.235966,SW1-Access,Pune,Packet Loss,Warning,21,36,1.73,57,17.3
2026-05-20 21:46:03.235966,SW1-Access,Mumbai,Route Flapping,Critical,93,80,10.37,173,103.7
2026-05-20 21:51:03.235966,FW1-Perimeter,Delhi,Latency Spike,Warning,44,35,1.79,79,17.9
2026-05-20 21:56:03.235966,SW1-Access,Pune,High CPU Usage,Warning,68,68,3.43,136,34.3
2026-05-20 22:01:03.235966,SW1-Access,Bangalore,High CPU Usage,Warning,69,61,5.63,130,56.3
2026-05-20 22:06:03.235966,R1-Core,Pune,Route Flapping,Warning,84,61,7.57,145,75.7
2026-05-20 22:11:03.235966,FW1-Perimeter,Mumbai,Route Flapping,Warning,76,59,3.95,135,39.5
2026-05-20 22:16:03.235966,FW1-Perimeter,Pune,Latency Spike,Warning,64,79,7.36,143,73.6
2026-05-20 22:21:03.235966,FW1-Perimeter,Delhi,Latency Spike,Warning,22,44,1.16,66,11.6
2026-05-20 22:26:03.235966,FW1-Perimeter,Mumbai,Latency Spike,Warning,22,51,2.54,73,25.4
2026-05-20 22:31:03.235966,R1-Core,Pune,BGP Neighbor Down,Major,22,33,1.56,55,15.6
2026-05-20 22:36:03.235966,R1-Core,Pune,Packet Loss,Warning,66,65,4.0,131,40.0
2026-05-20 22:41:03.235966,SW1-Access,Pune,High CPU Usage,Warning,81,58,4.36,139,43.6
2026-05-20 22:46:03.235966,SW1-Access,Mumbai,High CPU Usage,Warning,59,47,1.54,106,15.4
2026-05-20 22:51:03.235966,FW1-Perimeter,Pune,Latency Spike,Warning,37,34,2.83,71,28.3
2026-05-20 22:56:03.235966,SW1-Access,Delhi,Memory Utilization High,Warning,39,49,2.68,88,26.8
2026-05-20 23:01:03.235966,SW2-Distribution,Mumbai,Route Flapping,Warning,50,51,0.15,101,1.5
2026-05-20 23:06:03.235966,R1-Core,Mumbai,Memory Utilization High,Warning,31,52,1.79,83,17.9
2026-05-20 23:11:03.235966,SW2-Distribution,Pune,Latency Spike,Warning,32,52,2.28,84,22.8
2026-05-20 23:16:03.235966,FW1-Perimeter,Mumbai,Memory Utilization High,Critical,99,84,8.65,183,86.5
2026-05-20 23:21:03.235966,SW1-Access,Bangalore,Memory Utilization High,Warning,34,34,2.58,68,25.8
2026-05-20 23:26:03.235966,SW1-Access,Pune,Packet Loss,Warning,41,55,2.58,96,25.8
2026-05-20 23:31:03.235966,SW2-Distribution,Bangalore,Route Flapping,Warning,50,33,1.05,83,10.5
2026-05-20 23:36:03.235966,R2-Branch,Pune,Interface Down,Major,79,73,3.64,152,36.4
2026-05-20 23:41:03.235966,R1-Core,Pune,Route Flapping,Warning,24,55,0.91,79,9.1
2026-05-20 23:46:03.235966,SW2-Distribution,Bangalore,Route Flapping,Warning,35,47,0.48,82,4.8
2026-05-20 23:51:03.235966,SW2-Distribution,Mumbai,Route Flapping,Warning,57,43,2.35,100,23.5
2026-05-20 23:56:03.235966,FW1-Perimeter,Pune,Interface Down,Major,35,35,1.99,70,19.9
2026-05-21 00:01:03.235966,FW1-Perimeter,Bangalore,Interface Down,Warning,58,44,0.98,102,9.8
2026-05-21 00:06:03.235966,R2-Branch,Pune,BGP Neighbor Down,Critical,87,83,12.8,170,128.0
2026-05-21 00:11:03.235966,SW2-Distribution,Pune,High CPU Usage,Warning,23,32,0.65,55,6.5
2026-05-21 00:16:03.235966,FW1-Perimeter,Mumbai,Packet Loss,Warning,81,59,5.26,140,52.6
2026-05-21 00:21:03.235966,SW2-Distribution,Bangalore,BGP Neighbor Down,Major,40,39,1.71,79,17.1
2026-05-21 00:26:03.235966,SW2-Distribution,Pune,Route Flapping,Critical,85,92,13.93,177,139.3
2026-05-21 00:31:03.235966,R1-Core,Pune,Route Flapping,Critical,86,80,12.92,166,129.2
2026-05-21 00:36:03.235966,R1-Core,Pune,Route Flapping,Critical,92,93,12.92,185,129.2
2026-05-21 00:41:03.235966,SW1-Access,Bangalore,High CPU Usage,Warning,47,47,0.63,94,6.3
2026-05-21 00:46:03.235966,SW2-Distribution,Delhi,High CPU Usage,Warning,44,41,2.52,85,25.2
2026-05-21 00:51:03.235966,SW1-Access,Delhi,BGP Neighbor Down,Warning,24,50,0.05,74,0.5
2026-05-21 00:56:03.235966,SW2-Distribution,Delhi,BGP Neighbor Down,Major,46,44,2.68,90,26.8
2026-05-21 01:01:03.235966,SW2-Distribution,Delhi,Route Flapping,Warning,47,47,2.46,94,24.6
2026-05-21 01:06:03.235966,SW1-Access,Delhi,Latency Spike,Warning,58,30,1.73,88,17.3
2026-05-21 01:11:03.235966,R2-Branch,Pune,Interface Down,Major,54,48,1.1,102,11.0
2026-05-21 01:16:03.235966,SW1-Access,Mumbai,Memory Utilization High,Warning,25,34,2.19,59,21.9
2026-05-21 01:21:03.235966,SW1-Access,Bangalore,Route Flapping,Warning,53,49,0.27,102,2.7
2026-05-21 01:26:03.235966,R1-Core,Pune,Route Flapping,Warning,70,72,6.89,142,68.9
2026-05-21 01:31:03.235966,SW2-Distribution,Bangalore,Latency Spike,Warning,41,43,1.06,84,10.6
2026-05-21 01:36:03.235966,SW1-Access,Pune,Latency Spike,Warning,58,53,0.91,111,9.1
2026-05-21 01:41:03.235966,FW1-Perimeter,Pune,Interface Down,Major,50,48,0.51,98,5.1
2026-05-21 01:46:03.235966,SW1-Access,Mumbai,Latency Spike,Warning,25,34,1.52,59,15.2
2026-05-21 01:51:03.235966,SW1-Access,Pune,Interface Down,Major,37,38,2.57,75,25.7
2026-05-21 01:56:03.235966,FW1-Perimeter,Delhi,Packet Loss,Critical,89,94,10.59,183,105.9
2026-05-21 02:01:03.235966,SW1-Access,Delhi,Interface Down,Warning,53,31,1.03,84,10.3
2026-05-21 02:06:03.235966,FW1-Perimeter,Delhi,High CPU Usage,Warning,84,68,6.85,152,68.5
2026-05-21 02:11:03.235966,SW2-Distribution,Delhi,Latency Spike,Warning,42,31,1.93,73,19.3
2026-05-21 02:16:03.235966,R1-Core,Mumbai,BGP Neighbor Down,Warning,45,45,0.9,90,9.0
2026-05-21 02:21:03.235966,FW1-Perimeter,Delhi,Memory Utilization High,Warning,44,45,0.79,89,7.9
2026-05-21 02:26:03.235966,SW2-Distribution,Mumbai,Memory Utilization High,Warning,48,42,2.04,90,20.4
2026-05-21 02:31:03.235966,R1-Core,Mumbai,BGP Neighbor Down,Critical,96,93,12.27,189,122.7
2026-05-21 02:36:03.235966,SW1-Access,Pune,Route Flapping,Warning,26,38,1.96,64,19.6
2026-05-21 02:41:03.235966,SW2-Distribution,Delhi,Packet Loss,Warning,78,79,3.97,157,39.7
2026-05-21 02:46:03.235966,R2-Branch,Pune,Interface Down,Major,20,32,0.04,52,0.4
2026-05-21 02:51:03.235966,SW2-Distribution,Pune,Interface Down,Major,38,38,0.58,76,5.8
2026-05-21 02:56:03.235966,R1-Core,Delhi,Memory Utilization High,Critical,88,83,8.6,171,86.0
2026-05-21 03:01:03.235966,FW1-Perimeter,Delhi,BGP Neighbor Down,Critical,90,88,10.06,178,100.6
2026-05-21 03:06:03.235966,R1-Core,Bangalore,BGP Neighbor Down,Critical,93,93,12.85,186,128.5
2026-05-21 03:11:03.235966,SW1-Access,Pune,Route Flapping,Warning,24,38,2.33,62,23.3
2026-05-21 03:16:03.235966,SW2-Distribution,Pune,High CPU Usage,Critical,93,88,9.25,181,92.5
2026-05-21 03:21:03.235966,R2-Branch,Bangalore,Latency Spike,Warning,51,33,0.43,84,4.3
2026-05-21 03:26:03.235966,SW2-Distribution,Delhi,Interface Down,Major,63,69,6.58,132,65.8
2026-05-21 03:31:03.235966,R1-Core,Pune,BGP Neighbor Down,Major,60,70,3.74,130,37.4
2026-05-21 03:36:03.235966,R1-Core,Bangalore,Memory Utilization High,Warning,41,42,1.72,83,17.2
2026-05-21 03:41:03.235966,SW2-Distribution,Bangalore,Route Flapping,Warning,24,47,0.68,71,6.8
2026-05-21 03:46:03.235966,SW2-Distribution,Mumbai,Route Flapping,Warning,42,40,2.05,82,20.5
2026-05-21 03:51:03.235966,R1-Core,Mumbai,Latency Spike,Warning,41,32,2.52,73,25.2
2026-05-21 03:56:03.235966,SW1-Access,Delhi,Packet Loss,Warning,22,42,1.98,64,19.8
2026-05-21 04:01:03.235966,SW2-Distribution,Mumbai,BGP Neighbor Down,Major,71,70,3.42,141,34.2
2026-05-21 04:06:03.235966,R2-Branch,Delhi,High CPU Usage,Warning,21,53,2.99,74,29.9
2026-05-21 04:11:03.235966,SW2-Distribution,Bangalore,Memory Utilization High,Warning,54,50,0.92,104,9.2
2026-05-21 04:16:03.235966,SW2-Distribution,Mumbai,Interface Down,Major,23,40,2.36,63,23.6
2026-05-21 04:21:03.235966,R2-Branch,Bangalore,Packet Loss,Critical,89,87,14.47,176,144.7
2026-05-21 04:26:03.235966,SW2-Distribution,Mumbai,BGP Neighbor Down,Major,59,31,0.73,90,7.3
2026-05-21 04:31:03.235966,R2-Branch,Mumbai,BGP Neighbor Down,Critical,88,94,12.28,182,122.8
2026-05-21 04:36:03.235966,R1-Core,Mumbai,Interface Down,Warning,58,55,1.85,113,18.5
2026-05-21 04:41:03.235966,SW2-Distribution,Pune,Interface Down,Warning,83,76,5.01,159,50.1
2026-05-21 04:46:03.235966,FW1-Perimeter,Delhi,High CPU Usage,Warning,33,54,0.14,87,1.4
2026-05-21 04:51:03.235966,SW1-Access,Mumbai,BGP Neighbor Down,Major,29,54,1.25,83,12.5
2026-05-21 04:56:03.235966,R2-Branch,Bangalore,Latency Spike,Warning,57,31,0.4,88,4.0
2026-05-21 05:01:03.235966,FW1-Perimeter,Bangalore,Interface Down,Major,60,70,3.4,130,34.0
2026-05-21 05:06:03.235966,R1-Core,Pune,High CPU Usage,Warning,50,52,0.38,102,3.8
2026-05-21 05:11:03.235966,SW1-Access,Bangalore,Memory Utilization High,Warning,31,49,2.08,80,20.8
2026-05-21 05:16:03.235966,R2-Branch,Bangalore,Packet Loss,Warning,62,75,7.13,137,71.3
2026-05-21 05:21:03.235966,SW1-Access,Bangalore,Memory Utilization High,Warning,35,36,0.35,71,3.5
2026-05-21 05:26:03.235966,R1-Core,Pune,BGP Neighbor Down,Critical,92,94,13.39,186,133.9
2026-05-21 05:31:03.235966,R2-Branch,Pune,Latency Spike,Warning,27,55,0.45,82,4.5
2026-05-21 05:36:03.235966,SW2-Distribution,Bangalore,Packet Loss,Warning,22,31,1.93,53,19.3
2026-05-21 05:41:03.235966,R2-Branch,Bangalore,Route Flapping,Warning,59,55,2.67,114,26.7
2026-05-21 05:46:03.235966,R1-Core,Mumbai,Interface Down,Major,77,60,3.79,137,37.9
2026-05-21 05:51:03.235966,R1-Core,Mumbai,BGP Neighbor Down,Critical,99,90,10.93,189,109.3
2026-05-21 05:56:03.235966,SW1-Access,Delhi,BGP Neighbor Down,Major,70,62,3.49,132,34.9
2026-05-21 06:01:03.235966,R2-Branch,Bangalore,Packet Loss,Critical,87,95,12.1,182,121.0
2026-05-21 06:06:03.235966,SW2-Distribution,Delhi,Packet Loss,Warning,59,44,0.53,103,5.3
2026-05-21 06:11:03.235966,R2-Branch,Bangalore,High CPU Usage,Warning,80,66,7.88,146,78.8
2026-05-21 06:16:03.235966,SW1-Access,Delhi,Interface Down,Warning,56,31,0.84,87,8.4
2026-05-21 06:21:03.235966,SW2-Distribution,Bangalore,Memory Utilization High,Warning,41,37,2.66,78,26.6
2026-05-21 06:26:03.235966,R2-Branch,Delhi,Latency Spike,Warning,55,37,0.26,92,2.6
2026-05-21 06:31:03.235966,FW1-Perimeter,Bangalore,Route Flapping,Critical,91,95,13.86,186,138.6
2026-05-21 06:36:03.235966,R1-Core,Bangalore,Memory Utilization High,Warning,67,62,4.64,129,46.4
2026-05-21 06:41:03.235966,R2-Branch,Delhi,Packet Loss,Major,85,93,14.86,178,148.6
2026-05-21 06:46:03.235966,FW1-Perimeter,Mumbai,BGP Neighbor Down,Warning,45,45,2.43,90,24.3
2026-05-21 06:51:03.235966,SW2-Distribution,Bangalore,BGP Neighbor Down,Major,55,54,0.04,109,0.4
2026-05-21 06:56:03.235966,R2-Branch,Delhi,Interface Down,Major,35,50,3.0,85,30.0
2026-05-21 07:01:03.235966,SW1-Access,Delhi,Route Flapping,Warning,78,78,5.92,156,59.2
2026-05-21 07:06:03.235966,SW2-Distribution,Delhi,Route Flapping,Critical,97,85,13.53,182,135.3
2026-05-21 07:11:03.235966,SW2-Distribution,Mumbai,Route Flapping,Critical,87,92,14.25,179,142.5
2026-05-21 07:16:03.235966,FW1-Perimeter,Mumbai,Memory Utilization High,Warning,37,52,2.84,89,28.4
2026-05-21 07:21:03.235966,FW1-Perimeter,Delhi,BGP Neighbor Down,Warning,62,74,7.4,136,74.0
2026-05-21 07:26:03.235966,FW1-Perimeter,Pune,BGP Neighbor Down,Critical,88,92,10.56,180,105.6
2026-05-21 07:31:03.235966,R1-Core,Pune,BGP Neighbor Down,Major,55,52,0.2,107,2.0
2026-05-21 07:36:03.235966,R2-Branch,Pune,Latency Spike,Warning,27,50,1.44,77,14.4
2026-05-21 07:41:03.235966,FW1-Perimeter,Delhi,Packet Loss,Warning,84,62,4.6,146,46.0
2026-05-21 07:46:03.235966,FW1-Perimeter,Bangalore,Route Flapping,Warning,24,41,1.04,65,10.4
2026-05-21 07:51:03.235966,FW1-Perimeter,Mumbai,Packet Loss,Warning,54,51,2.48,105,24.8
2026-05-21 07:56:03.235966,SW2-Distribution,Pune,Interface Down,Major,82,80,7.89,162,78.9
2026-05-21 08:01:03.235966,SW2-Distribution,Mumbai,Interface Down,Major,31,39,2.87,70,28.7
2026-05-21 08:06:03.235966,SW1-Access,Mumbai,Memory Utilization High,Warning,75,59,7.37,134,73.7
2026-05-21 08:11:03.235966,R1-Core,Pune,Route Flapping,Warning,54,34,1.42,88,14.2
2026-05-21 08:16:03.235966,SW2-Distribution,Mumbai,High CPU Usage,Warning,24,30,2.62,54,26.2
2026-05-21 08:21:03.235966,FW1-Perimeter,Pune,Packet Loss,Warning,41,50,1.94,91,19.4
2026-05-21 08:26:03.235966,SW2-Distribution,Bangalore,Packet Loss,Warning,56,34,2.69,90,26.9
2026-05-21 08:31:03.235966,R2-Branch,Pune,Interface Down,Major,43,39,2.31,82,23.1
2026-05-21 08:36:03.235966,SW1-Access,Bangalore,High CPU Usage,Critical,90,89,9.28,179,92.8
2026-05-21 08:41:03.235966,R2-Branch,Delhi,Route Flapping,Warning,22,40,1.72,62,17.2
2026-05-21 08:46:03.235966,SW1-Access,Pune,Packet Loss,Warning,55,52,0.1,107,1.0
2026-05-21 08:51:03.235966,SW1-Access,Delhi,Interface Down,Warning,54,35,1.6,89,16.0
2026-05-21 08:56:03.235966,SW2-Distribution,Bangalore,BGP Neighbor Down,Major,74,65,3.78,139,37.8
2026-05-21 09:01:03.235966,FW1-Perimeter,Pune,Latency Spike,Warning,69,70,7.48,139,74.8
2026-05-21 09:06:03.235966,FW1-Perimeter,Delhi,Interface Down,Major,83,69,4.69,152,46.9
2026-05-21 09:11:03.235966,R1-Core,Delhi,Memory Utilization High,Warning,63,64,3.12,127,31.2
2026-05-21 09:16:03.235966,R2-Branch,Bangalore,High CPU Usage,Warning,40,31,1.82,71,18.2
2026-05-21 09:21:03.235966,FW1-Perimeter,Delhi,Interface Down,Major,84,63,3.98,147,39.8
2026-05-21 09:26:03.235966,SW2-Distribution,Mumbai,BGP Neighbor Down,Critical,97,86,11.43,183,114.3
2026-05-21 09:31:03.235966,FW1-Perimeter,Mumbai,Memory Utilization High,Critical,96,92,9.04,188,90.4
2026-05-21 09:36:03.235966,SW1-Access,Bangalore,Route Flapping,Warning,38,41,1.05,79,10.5
2026-05-21 09:41:03.235966,FW1-Perimeter,Mumbai,Latency Spike,Warning,48,53,2.98,101,29.8
2026-05-21 09:46:03.235966,SW2-Distribution,Pune,High CPU Usage,Warning,47,53,2.69,100,26.9
2026-05-21 09:51:03.235966,FW1-Perimeter,Mumbai,Memory Utilization High,Warning,39,45,2.97,84,29.7
2026-05-21 09:56:03.235966,SW1-Access,Mumbai,Memory Utilization High,Critical,97,82,8.05,179,80.5
2026-05-21 10:01:03.235966,FW1-Perimeter,Bangalore,Latency Spike,Warning,84,59,4.0,143,40.0
2026-05-21 10:06:03.235966,SW2-Distribution,Pune,Packet Loss,Warning,22,39,2.5,61,25.0
2026-05-21 10:11:03.235966,SW2-Distribution,Bangalore,BGP Neighbor Down,Warning,20,34,0.79,54,7.9
2026-05-21 10:16:03.235966,SW2-Distribution,Mumbai,BGP Neighbor Down,Major,69,68,3.9,137,39.0
2026-05-21 10:21:03.235966,R1-Core,Mumbai,Packet Loss,Warning,75,57,5.99,132,59.9
2026-05-21 10:26:03.235966,FW1-Perimeter,Bangalore,BGP Neighbor Down,Warning,36,50,2.06,86,20.6
2026-05-21 10:31:03.235966,SW1-Access,Mumbai,Packet Loss,Warning,65,73,3.29,138,32.9
2026-05-21 10:36:03.235966,SW2-Distribution,Delhi,BGP Neighbor Down,Warning,23,38,1.08,61,10.8
2026-05-21 10:41:03.235966,SW1-Access,Mumbai,Memory Utilization High,Warning,53,50,2.81,103,28.1
2026-05-21 10:46:03.235966,R2-Branch,Delhi,Packet Loss,Warning,79,79,3.84,158,38.4
2026-05-21 10:51:03.235966,SW1-Access,Pune,Packet Loss,Warning,43,33,1.6,76,16.0
2026-05-21 10:56:03.235966,R2-Branch,Mumbai,Route Flapping,Warning,38,41,2.34,79,23.4
2026-05-21 11:01:03.235966,SW1-Access,Delhi,High CPU Usage,Warning,29,46,0.66,75,6.6
2026-05-21 11:06:03.235966,FW1-Perimeter,Mumbai,Interface Down,Major,24,33,2.46,57,24.6
2026-05-21 11:11:03.235966,SW1-Access,Pune,Packet Loss,Warning,48,49,1.57,97,15.7
2026-05-21 11:16:03.235966,R2-Branch,Pune,BGP Neighbor Down,Major,27,37,0.39,64,3.9
2026-05-21 11:21:03.235966,R2-Branch,Pune,Latency Spike,Warning,28,32,1.27,60,12.7
2026-05-21 11:26:03.235966,R1-Core,Mumbai,High CPU Usage,Warning,50,54,1.29,104,12.9
2026-05-21 11:31:03.235966,R1-Core,Mumbai,Interface Down,Warning,76,73,3.3,149,33.0
2026-05-21 11:36:03.235966,R1-Core,Mumbai,Interface Down,Warning,20,54,0.29,74,2.9
2026-05-21 11:41:03.235966,R2-Branch,Delhi,Latency Spike,Warning,42,30,0.27,72,2.7
2026-05-21 11:46:03.235966,SW1-Access,Pune,High CPU Usage,Warning,52,54,2.19,106,21.9
2026-05-21 11:51:03.235966,FW1-Perimeter,Mumbai,High CPU Usage,Warning,57,54,0.04,111,0.4
2026-05-21 11:56:03.235966,R2-Branch,Pune,Interface Down,Warning,54,30,2.92,84,29.2
2026-05-21 12:01:03.235966,FW1-Perimeter,Bangalore,Interface Down,Major,57,35,1.32,92,13.2
2026-05-21 12:06:03.235966,SW1-Access,Bangalore,Latency Spike,Warning,52,37,1.22,89,12.2
2026-05-21 12:11:03.235966,SW1-Access,Mumbai,Packet Loss,Warning,53,34,1.49,87,14.9
2026-05-21 12:16:03.235966,SW1-Access,Mumbai,Route Flapping,Warning,51,33,1.15,84,11.5
2026-05-21 12:21:03.235966,FW1-Perimeter,Pune,Packet Loss,Warning,74,62,5.77,136,57.7
2026-05-21 12:26:03.235966,SW2-Distribution,Delhi,Memory Utilization High,Critical,100,91,9.26,191,92.6
2026-05-21 12:31:03.235966,R1-Core,Bangalore,Route Flapping,Warning,25,33,0.43,58,4.3
